年,月,日,気温,品質,均質
2010,1,5,4.6,8,1
2010,1,6,3.4,8,1
2010,1,7,2.8,8,1
2010,1,8,4.6,8,1
2010,1,9,6.3,8,1
2010,1,10,7.8,8,1
2010,1,11,7.4,8,1
2010,1,12,5.2,8,1
2010,1,13,1.1,8,1
2010,1,14,2,8,1
2010,1,15,3.6,8,1
2010,1,16,4.5,8,1
2010,1,17,4.1,8,1
2010,1,18,5.9,8,1
2010,1,19,7.7,8,1
2010,1,20,13,8,1
2010,1,21,12.1,8,1
2010,1,22,6.9,8,1
2010,1,23,3.8,8,1
2010,1,24,6.2,8,1
2010,1,25,8,8,1
2010,1,26,5.1,8,1
2010,1,27,7.2,8,1
2010,1,28,10.7,8,1
2010,1,29,7.6,8,1
2010,1,30,7.6,8,1
2010,1,31,7.2,8,1
2010,2,1,6.5,8,1
2010,2,2,6.3,8,1
2010,2,3,3.9,8,1
2010,2,4,3.1,8,1
2010,2,5,5.3,8,1
2010,2,6,4.6,8,1
2010,2,7,4.9,8,1
2010,2,8,12.2,8,1
2010,2,9,16.1,8,1
2010,2,10,13.6,8,1
2010,2,11,9.5,8,1
2010,2,12,6.8,8,1
2010,2,13,5.6,8,1
2010,2,14,5.9,8,1
2010,2,15,7.3,8,1
2010,2,16,6,8,1
2010,2,17,5.3,8,1
2010,2,18,5.3,8,1
2010,2,19,4.8,8,1
2010,2,20,6.1,8,1
2010,2,21,6.6,8,1
2010,2,22,10.4,8,1
2010,2,23,11.3,8,1
2010,2,24,14,8,1
2010,2,25,16.6,8,1
2010,2,26,13.9,8,1
2010,2,27,11.6,8,1
2010,2,28,11.9,8,1
2010,3,1,12.5,8,1
2010,3,2,11.4,8,1
2010,3,3,10.7,8,1
2010,3,4,11.6,8,1
2010,3,5,13.6,8,1
2010,3,6,11.4,8,1
2010,3,7,9,8,1
2010,3,8,7.7,4,1
2010,3,9,6,4,1
2010,3,10,2.9,8,1
2010,3,11,6.4,8,1
2010,3,12,11.8,8,1
2010,3,13,13.9,8,1
2010,3,14,12.1,8,1
2010,3,15,14.9,8,1
2010,3,16,9.6,8,1
2010,3,17,8.4,8,1
2010,3,18,8.2,8,1
2010,3,19,11.3,8,1
2010,3,20,18.9,8,1
2010,3,21,9.9,8,1
2010,3,22,10.4,8,1
2010,3,23,10,8,1
2010,3,24,9.4,8,1
2010,3,25,8.5,8,1
2010,3,26,5.9,8,1
2010,3,27,7.1,8,1
2010,3,28,10.2,8,1
2010,3,29,9,8,1
2010,3,30,8.7,8,1
2010,3,31,12.5,8,1
2010,4,1,16.8,8,1
2010,4,2,11.2,8,1
2010,4,3,9.1,8,1
2010,4,4,12.6,8,1
2010,4,5,15.9,8,1
2010,4,6,16.2,8,1
2010,4,7,10.9,8,1
2010,4,8,10.7,8,1
2010,4,9,12.3,5,1
2010,4,10,16.7,8,1
2010,4,11,16.3,8,1
2010,4,12,14.4,8,1
2010,4,13,12.3,8,1
2010,4,14,8.8,8,1
2010,4,15,9.3,8,1
2010,4,16,9.9,8,1
2010,4,17,11.5,8,1
2010,4,18,13.4,8,1
2010,4,19,14.8,8,1
2010,4,20,15,8,1
2010,4,21,16.1,8,1
2010,4,22,13.1,8,1
2010,4,23,12,8,1
2010,4,24,12,8,1
2010,4,25,12.7,8,1
2010,4,26,15.3,8,1
2010,4,27,14.6,8,1
2010,4,28,13.8,8,1
2010,4,29,12.8,8,1
2010,4,30,14,8,1
2010,5,1,14.4,8,1
2010,5,2,17.8,8,1
2010,5,3,21.5,8,1
2010,5,4,21.4,8,1
2010,5,5,20.4,8,1
2010,5,6,22.3,8,1
2010,5,7,19.3,8,1
2010,5,8,19.6,8,1
2010,5,9,20.9,8,1
2010,5,10,16.4,8,1
2010,5,11,16,8,1
2010,5,12,15.1,8,1
2010,5,13,15.4,8,1
2010,5,14,15.6,8,1
2010,5,15,16.9,8,1
2010,5,16,19.2,8,1
2010,5,17,21.2,8,1
2010,5,18,21.5,8,1
2010,5,19,20.3,8,1
2010,5,20,20.2,8,1
2010,5,21,20.7,8,1
2010,5,22,19.2,8,1
2010,5,23,19.3,8,1
2010,5,24,19.4,8,1
2010,5,25,18.9,8,1
2010,5,26,15.8,8,1
2010,5,27,15.2,8,1
2010,5,28,15.4,8,1
2010,5,29,18.2,8,1
2010,5,30,16.8,8,1
2010,5,31,17,8,1
2010,6,1,19.7,8,1
2010,6,2,21,8,1
2010,6,3,22,8,1
2010,6,4,21.8,8,1
2010,6,5,22.2,8,1
2010,6,6,23.2,8,1
2010,6,7,21.6,8,1
2010,6,8,21.4,8,1
2010,6,9,22.7,8,1
2010,6,10,23,8,1
2010,6,11,24.4,8,1
2010,6,12,24.4,8,1
2010,6,13,21.1,8,1
2010,6,14,23.3,8,1
2010,6,15,21.4,8,1
2010,6,16,23.5,8,1
2010,6,17,25.2,8,1
2010,6,18,24.2,8,1
2010,6,19,24.7,8,1
2010,6,20,24.4,8,1
2010,6,21,24.4,8,1
2010,6,22,24.9,8,1
2010,6,23,23.5,8,1
2010,6,24,25.1,8,1
2010,6,25,23,8,1
2010,6,26,24.2,8,1
2010,6,27,25.4,8,1
2010,6,28,24.3,8,1
2010,6,29,24.6,8,1
2010,6,30,24.8,8,1
2010,7,1,26.4,8,1
2010,7,2,28,8,1
2010,7,3,26.6,8,1
2010,7,4,23.9,8,1
2010,7,5,24.3,8,1
2010,7,6,26,8,1
2010,7,7,26.5,8,1
2010,7,8,25.7,8,1
2010,7,9,24.6,8,1
2010,7,10,25.1,8,1
2010,7,11,27.8,8,1
2010,7,12,24,8,1
2010,7,13,24.6,8,1
2010,7,14,24.4,8,1
2010,7,15,24.7,8,1
2010,7,16,26.6,8,1
2010,7,17,27.6,8,1
2010,7,18,28.2,8,1
2010,7,19,28.9,8,1
2010,7,20,29.3,8,1
2010,7,21,29.4,8,1
2010,7,22,29.5,8,1
2010,7,23,28.9,8,1
2010,7,24,28.6,8,1
2010,7,25,29.2,8,1
2010,7,26,29,8,1
2010,7,27,28.1,8,1
2010,7,28,26.5,8,1
2010,7,29,28.6,8,1
2010,7,30,29.1,8,1
2010,7,31,29.8,8,1
2010,8,1,29.8,8,1
2010,8,2,29.6,8,1
2010,8,3,29.9,8,1
2010,8,4,29.8,8,1
2010,8,5,30.4,8,1
2010,8,6,30.1,8,1
2010,8,7,29.3,8,1
2010,8,8,29.1,8,1
2010,8,9,28.2,8,1
2010,8,10,28.9,8,1
2010,8,11,27.8,8,1
2010,8,12,28.9,8,1
2010,8,13,28.9,8,1
2010,8,14,29.8,8,1
2010,8,15,30.4,8,1
2010,8,16,29.5,8,1
2010,8,17,29.8,8,1
2010,8,18,29.4,8,1
2010,8,19,30.9,8,1
2010,8,20,31.3,8,1
2010,8,21,31.1,8,1
2010,8,22,30.2,8,1
2010,8,23,29.7,8,1
2010,8,24,29.3,8,1
2010,8,25,29.2,8,1
2010,8,26,28.4,8,1
2010,8,27,29.5,8,1
2010,8,28,30.1,8,1
2010,8,29,28.8,8,1
2010,8,30,27.3,8,1
2010,8,31,28.8,8,1
2010,9,1,29.7,8,1
2010,9,2,29.7,8,1
2010,9,3,30.1,8,1
2010,9,4,30,8,1
2010,9,5,29.4,8,1
2010,9,6,28.8,8,1
2010,9,7,27.4,8,1
2010,9,8,24.7,8,1
2010,9,9,25.7,8,1
2010,9,10,27.6,8,1
2010,9,11,29.7,8,1
2010,9,12,28.3,8,1
2010,9,13,25.4,8,1
2010,9,14,24.7,8,1
2010,9,15,24.1,8,1
2010,9,16,24.6,8,1
2010,9,17,25,8,1
2010,9,18,25.6,8,1
2010,9,19,26.1,8,1
2010,9,20,27.6,8,1
2010,9,21,28.5,8,1
2010,9,22,26.2,8,1
2010,9,23,21.9,8,1
2010,9,24,22.4,8,1
2010,9,25,22.1,8,1
2010,9,26,20.8,8,1
2010,9,27,20.1,8,1
2010,9,28,22,8,1
2010,9,29,20.4,8,1
2010,9,30,21,8,1
2010,10,1,21.7,8,1
2010,10,2,22.4,8,1
2010,10,3,22.1,8,1
2010,10,4,20.5,8,1
2010,10,5,19.2,8,1
2010,10,6,19.5,8,1
2010,10,7,20.3,8,1
2010,10,8,19.2,8,1
2010,10,9,20.8,8,1
2010,10,10,21,8,1
2010,10,11,20.3,8,1
2010,10,12,20.9,8,1
2010,10,13,20.5,8,1
2010,10,14,20.5,8,1
2010,10,15,19.4,8,1
2010,10,16,16.7,8,1
2010,10,17,17.8,8,1
2010,10,18,18.7,8,1
2010,10,19,19.8,8,1
2010,10,20,21.1,8,1
2010,10,21,21.1,8,1
2010,10,22,20.2,8,1
2010,10,23,21.2,8,1
2010,10,24,20.8,8,1
2010,10,25,19.5,8,1
2010,10,26,15.1,8,1
2010,10,27,13,8,1
2010,10,28,13.5,8,1
2010,10,29,15.9,8,1
2010,10,30,17.1,8,1
2010,10,31,16.4,8,1
2010,11,1,15.2,8,1
2010,11,2,13.4,8,1
2010,11,3,11.2,8,1
2010,11,4,11.6,8,1
2010,11,5,12.5,8,1
2010,11,6,13.7,8,1
2010,11,7,16.2,8,1
2010,11,8,15.4,8,1
2010,11,9,11.8,8,1
2010,11,10,12.5,8,1
2010,11,11,15.7,8,1
2010,11,12,14.6,8,1
2010,11,13,12.8,8,1
2010,11,14,15.2,8,1
2010,11,15,12.8,8,1
2010,11,16,10.3,8,1
2010,11,17,11.2,8,1
2010,11,18,11.8,8,1
2010,11,19,11.1,8,1
2010,11,20,12.3,8,1
2010,11,21,13,8,1
2010,11,22,13.9,8,1
2010,11,23,13.7,8,1
2010,11,24,11.3,8,1
2010,11,25,10.9,8,1
2010,11,26,9.2,8,1
2010,11,27,9.5,8,1
2010,11,28,8.8,8,1
2010,11,29,8.8,8,1
2010,11,30,10.6,8,1
2010,12,1,12.3,8,1
2010,12,2,12,8,1
2010,12,3,11,8,1
2010,12,4,9.2,8,1
2010,12,5,11,8,1
2010,12,6,12.7,8,1
2010,12,7,9.6,8,1
2010,12,8,6.7,8,1
2010,12,9,6.7,8,1
2010,12,10,7.6,8,1
2010,12,11,10.9,8,1
2010,12,12,8.5,8,1
2010,12,13,11.8,8,1
2010,12,14,12.9,8,1
2010,12,15,4.6,8,1
2010,12,16,3.5,8,1
2010,12,17,4.8,8,1
2010,12,18,7.5,8,1
2010,12,19,9.3,8,1
2010,12,20,12.9,8,1
2010,12,21,9.7,8,1
2010,12,22,10.3,8,1
2010,12,23,9.8,8,1
2010,12,24,6,8,1
2010,12,25,2.2,8,1
2010,12,26,4.5,8,1
2010,12,27,6.8,8,1
2010,12,28,8.6,8,1
2010,12,29,5.9,8,1
2010,12,30,5.1,8,1
2010,12,31,1.9,8,1
2011,1,1,2.5,8,1
2011,1,2,3.8,8,1
2011,1,3,3.8,8,1
2011,1,4,4.2,8,1
2011,1,5,5.5,8,1
2011,1,6,4.1,8,1
2011,1,7,3.3,8,1
2011,1,8,4.2,8,1
2011,1,9,6.4,8,1
2011,1,10,2,8,1
2011,1,11,3.4,8,1
2011,1,12,3,8,1
2011,1,13,2.4,8,1
2011,1,14,3.5,8,1
2011,1,15,2.2,8,1
2011,1,16,-0.2,8,1
2011,1,17,2.5,8,1
2011,1,18,3.1,8,1
2011,1,19,4,8,1
2011,1,20,3.6,8,1
2011,1,21,3.3,8,1
2011,1,22,2.9,8,1
2011,1,23,3.9,8,1
2011,1,24,3.9,8,1
2011,1,25,3.3,8,1
2011,1,26,2.8,8,1
2011,1,27,2.6,8,1
2011,1,28,3.2,8,1
2011,1,29,2.1,8,1
2011,1,30,0.3,8,1
2011,1,31,1.6,8,1
2011,2,1,4.9,8,1
2011,2,2,5.4,8,1
2011,2,3,6.7,8,1
2011,2,4,7.1,8,1
2011,2,5,6.5,8,1
2011,2,6,6.7,8,1
2011,2,7,7.6,8,1
2011,2,8,6.3,8,1
2011,2,9,8.1,8,1
2011,2,10,5.6,8,1
2011,2,11,5.3,8,1
2011,2,12,2.6,8,1
2011,2,13,3.1,8,1
2011,2,14,3.6,8,1
2011,2,15,5.4,8,1
2011,2,16,5.9,8,1
2011,2,17,9.3,8,1
2011,2,18,7.9,8,1
2011,2,19,5.9,8,1
2011,2,20,8,8,1
2011,2,21,8.5,8,1
2011,2,22,7.5,8,1
2011,2,23,9.7,8,1
2011,2,24,12.7,8,1
2011,2,25,12.2,8,1
2011,2,26,9.9,8,1
2011,2,27,12.7,8,1
2011,2,28,12,8,1
2011,3,1,9.5,8,1
2011,3,2,6.6,8,1
2011,3,3,4.4,8,1
2011,3,4,4.5,8,1
2011,3,5,5.9,8,1
2011,3,6,7.9,8,1
2011,3,7,7.5,8,1
2011,3,8,6.6,8,1
2011,3,9,7.4,8,1
2011,3,10,6.1,8,1
2011,3,11,7.6,8,1
2011,3,12,9.2,8,1
2011,3,13,11.1,8,1
2011,3,14,12.4,8,1
2011,3,15,10,8,1
2011,3,16,5,8,1
2011,3,17,5.1,8,1
2011,3,18,7,8,1
2011,3,19,13.1,8,1
2011,3,20,13.7,8,1
2011,3,21,10.3,8,1
2011,3,22,8.9,8,1
2011,3,23,6.3,8,1
2011,3,24,6.7,8,1
2011,3,25,6.9,8,1
2011,3,26,5.3,8,1
2011,3,27,5.8,8,1
2011,3,28,8.2,8,1
2011,3,29,9.2,8,1
2011,3,30,10.2,8,1
2011,3,31,11.6,8,1
2011,4,1,12.5,8,1
2011,4,2,12.9,8,1
2011,4,3,10.9,8,1
2011,4,4,10,8,1
2011,4,5,10.2,8,1
2011,4,6,13.4,8,1
2011,4,7,17.5,8,1
2011,4,8,14,8,1
2011,4,9,13.8,8,1
2011,4,10,14.1,8,1
2011,4,11,11.3,8,1
2011,4,12,11.5,8,1
2011,4,13,13.7,8,1
2011,4,14,15,8,1
2011,4,15,18.1,8,1
2011,4,16,13.9,8,1
2011,4,17,13,8,1
2011,4,18,13.3,8,1
2011,4,19,9.5,8,1
2011,4,20,11.8,8,1
2011,4,21,14.3,8,1
2011,4,22,16.2,8,1
2011,4,23,13.4,8,1
2011,4,24,13.4,8,1
2011,4,25,14.8,8,1
2011,4,26,19.3,8,1
2011,4,27,17.4,8,1
2011,4,28,13,8,1
2011,4,29,15.7,8,1
2011,4,30,20.9,8,1
2011,5,1,19.1,8,1
2011,5,2,15.9,8,1
2011,5,3,15.2,8,1
2011,5,4,16.1,8,1
2011,5,5,18.4,8,1
2011,5,6,18.8,8,1
2011,5,7,20.1,8,1
2011,5,8,20,8,1
2011,5,9,23.8,8,1
2011,5,10,22.8,8,1
2011,5,11,22.5,8,1
2011,5,12,18.9,8,1
2011,5,13,17.9,8,1
2011,5,14,19.5,8,1
2011,5,15,20.3,8,1
2011,5,16,19.7,8,1
2011,5,17,18.5,8,1
2011,5,18,19.7,8,1
2011,5,19,21.8,8,1
2011,5,20,22.4,8,1
2011,5,21,23.6,8,1
2011,5,22,18.7,8,1
2011,5,23,15.6,8,1
2011,5,24,18.4,5,1
2011,5,25,20.4,8,1
2011,5,26,18.2,8,1
2011,5,27,18.3,8,1
2011,5,28,18.1,8,1
2011,5,29,17.1,8,1
2011,5,30,16.3,8,1
2011,5,31,17.5,8,1
2011,6,1,21.2,8,1
2011,6,2,21.5,8,1
2011,6,3,21.4,8,1
2011,6,4,22.8,8,1
2011,6,5,21.8,8,1
2011,6,6,22.7,8,1
2011,6,7,20.2,8,1
2011,6,8,21.4,8,1
2011,6,9,23.3,8,1
2011,6,10,22.7,8,1
2011,6,11,20.8,8,1
2011,6,12,20.5,8,1
2011,6,13,21.1,8,1
2011,6,14,21.5,8,1
2011,6,15,21.8,8,1
2011,6,16,19.5,8,1
2011,6,17,20.7,8,1
2011,6,18,20.9,8,1
2011,6,19,20.7,8,1
2011,6,20,23,8,1
2011,6,21,25,8,1
2011,6,22,27.3,8,1
2011,6,23,29.1,8,1
2011,6,24,29.4,8,1
2011,6,25,27.2,8,1
2011,6,26,28.2,8,1
2011,6,27,23.9,8,1
2011,6,28,27.3,8,1
2011,6,29,28,8,1
2011,6,30,27,8,1
2011,7,1,25.1,8,1
2011,7,2,26.3,8,1
2011,7,3,27.9,8,1
2011,7,4,25.9,8,1
2011,7,5,25.7,8,1
2011,7,6,23.8,8,1
2011,7,7,27.3,8,1
2011,7,8,29.8,8,1
2011,7,9,29.8,8,1
2011,7,10,28.3,8,1
2011,7,11,27.5,8,1
2011,7,12,28.6,8,1
2011,7,13,28.2,8,1
2011,7,14,28.6,8,1
2011,7,15,28.9,8,1
2011,7,16,28.9,8,1
2011,7,17,29.2,8,1
2011,7,18,28,8,1
2011,7,19,27.6,8,1
2011,7,20,23.8,8,1
2011,7,21,22.6,8,1
2011,7,22,24,8,1
2011,7,23,23.9,8,1
2011,7,24,25.1,8,1
2011,7,25,26.9,8,1
2011,7,26,27.9,8,1
2011,7,27,28.5,8,1
2011,7,28,29,8,1
2011,7,29,28.5,8,1
2011,7,30,28.3,8,1
2011,7,31,27.8,8,1
2011,8,1,28.1,8,1
2011,8,2,29.1,8,1
2011,8,3,29.4,8,1
2011,8,4,29.5,8,1
2011,8,5,28.9,8,1
2011,8,6,27.8,8,1
2011,8,7,29.2,8,1
2011,8,8,29.9,8,1
2011,8,9,29,8,1
2011,8,10,28.7,8,1
2011,8,11,28.4,8,1
2011,8,12,29,8,1
2011,8,13,30,8,1
2011,8,14,27.3,8,1
2011,8,15,27.6,8,1
2011,8,16,28.4,8,1
2011,8,17,29.2,8,1
2011,8,18,27.2,8,1
2011,8,19,26.7,8,1
2011,8,20,25.2,8,1
2011,8,21,24.3,8,1
2011,8,22,24.3,8,1
2011,8,23,23.5,8,1
2011,8,24,25.8,8,1
2011,8,25,27.6,8,1
2011,8,26,26.8,8,1
2011,8,27,27.7,8,1
2011,8,28,28.6,8,1
2011,8,29,28.8,8,1
2011,8,30,28.2,8,1
2011,8,31,28.2,8,1
2011,9,1,28.3,8,1
2011,9,2,27.7,8,1
2011,9,3,24.8,8,1
2011,9,4,24.4,8,1
2011,9,5,24,8,1
2011,9,6,23.2,8,1
2011,9,7,23.7,8,1
2011,9,8,25.5,8,1
2011,9,9,26.8,8,1
2011,9,10,28.5,8,1
2011,9,11,27.9,8,1
2011,9,12,27.7,8,1
2011,9,13,27.7,8,1
2011,9,14,27.7,8,1
2011,9,15,28.2,8,1
2011,9,16,26.6,8,1
2011,9,17,26.9,8,1
2011,9,18,26,8,1
2011,9,19,22.3,8,1
2011,9,20,20.9,8,1
2011,9,21,21,8,1
2011,9,22,20.3,8,1
2011,9,23,19.2,8,1
2011,9,24,19.9,8,1
2011,9,25,20.5,8,1
2011,9,26,22.1,8,1
2011,9,27,23,8,1
2011,9,28,23,8,1
2011,9,29,24.6,8,1
2011,9,30,22.1,8,1
2011,10,1,20.4,8,1
2011,10,2,19.4,8,1
2011,10,3,19.2,8,1
2011,10,4,19.1,8,1
2011,10,5,18.2,8,1
2011,10,6,19.6,8,1
2011,10,7,19.4,8,1
2011,10,8,18.1,8,1
2011,10,9,20,8,1
2011,10,10,21,8,1
2011,10,11,20.7,8,1
2011,10,12,21,8,1
2011,10,13,22,8,1
2011,10,14,20.9,8,1
2011,10,15,20.6,8,1
2011,10,16,19.3,8,1
2011,10,17,17.8,8,1
2011,10,18,17.3,8,1
2011,10,19,17.6,8,1
2011,10,20,19.4,8,1
2011,10,21,19.8,8,1
2011,10,22,19.3,8,1
2011,10,23,18.9,8,1
2011,10,24,18.9,8,1
2011,10,25,17,8,1
2011,10,26,15.4,8,1
2011,10,27,14.6,8,1
2011,10,28,15.2,8,1
2011,10,29,17.9,8,1
2011,10,30,17.5,8,1
2011,10,31,18.2,8,1
2011,11,1,19.1,8,1
2011,11,2,20.4,8,1
2011,11,3,20.5,8,1
2011,11,4,20.6,8,1
2011,11,5,21,8,1
2011,11,6,19.9,8,1
2011,11,7,19,8,1
2011,11,8,16.3,8,1
2011,11,9,16.7,8,1
2011,11,10,15.8,8,1
2011,11,11,17,8,1
2011,11,12,18.2,8,1
2011,11,13,16,8,1
2011,11,14,14.3,8,1
2011,11,15,12.6,8,1
2011,11,16,12.1,8,1
2011,11,17,13.9,8,1
2011,11,18,16.7,8,1
2011,11,19,19.5,8,1
2011,11,20,12.8,8,1
2011,11,21,9,8,1
2011,11,22,8.9,8,1
2011,11,23,11.8,8,1
2011,11,24,8.6,8,1
2011,11,25,8.2,8,1
2011,11,26,9.8,8,1
2011,11,27,13.4,8,1
2011,11,28,15.9,8,1
2011,11,29,17,8,1
2011,11,30,16.8,8,1
2011,12,1,12.5,8,1
2011,12,2,11.2,8,1
2011,12,3,12.4,8,1
2011,12,4,11.4,8,1
2011,12,5,10.7,8,1
2011,12,6,11.4,8,1
2011,12,7,11.8,8,1
2011,12,8,10.9,8,1
2011,12,9,6.5,8,1
2011,12,10,6.9,8,1
2011,12,11,8.2,8,1
2011,12,12,9.2,8,1
2011,12,13,10.1,8,1
2011,12,14,10.2,8,1
2011,12,15,9.8,8,1
2011,12,16,4.7,8,1
2011,12,17,4.6,8,1
2011,12,18,6,8,1
2011,12,19,6.6,8,1
2011,12,20,5.5,8,1
2011,12,21,7.4,8,1
2011,12,22,7.7,8,1
2011,12,23,5,8,1
2011,12,24,4.6,8,1
2011,12,25,3.9,8,1
2011,12,26,3.8,8,1
2011,12,27,3.7,8,1
2011,12,28,4.8,8,1
2011,12,29,6.3,8,1
2011,12,30,6.8,8,1
2011,12,31,6.8,8,1
2012,1,1,7.1,8,1
2012,1,2,5.7,8,1
2012,1,3,6.3,8,1
2012,1,4,4.1,8,1
2012,1,5,4.3,8,1
2012,1,6,4.6,8,1
2012,1,7,5.3,8,1
2012,1,8,6.9,8,1
2012,1,9,7.1,8,1
2012,1,10,5.7,8,1
2012,1,11,5.4,8,1
2012,1,12,3.9,8,1
2012,1,13,5.6,8,1
2012,1,14,5.2,8,1
2012,1,15,5.8,8,1
2012,1,16,5.6,8,1
2012,1,17,5.1,8,1
2012,1,18,6.7,8,1
2012,1,19,8.2,8,1
2012,1,20,9.9,8,1
2012,1,21,9.2,8,1
2012,1,22,6.8,8,1
2012,1,23,4.3,8,1
2012,1,24,1.5,8,1
2012,1,25,2.1,8,1
2012,1,26,2.8,8,1
2012,1,27,4,8,1
2012,1,28,5.9,8,1
2012,1,29,5.9,8,1
2012,1,30,4.5,8,1
2012,1,31,3.7,8,1
2012,2,1,5.4,8,1
2012,2,2,-1.4,8,1
2012,2,3,-0.1,8,1
2012,2,4,4.2,8,1
2012,2,5,4.5,8,1
2012,2,6,7.3,8,1
2012,2,7,7,8,1
2012,2,8,1.1,8,1
2012,2,9,3.1,8,1
2012,2,10,4.5,8,1
2012,2,11,3.9,8,1
2012,2,12,4.1,8,1
2012,2,13,5.2,8,1
2012,2,14,7,8,1
2012,2,15,8.2,8,1
2012,2,16,5.9,8,1
2012,2,17,3.5,8,1
2012,2,18,0.9,8,1
2012,2,19,1.6,8,1
2012,2,20,4.5,8,1
2012,2,21,6.1,8,1
2012,2,22,7,8,1
2012,2,23,10.5,8,1
2012,2,24,9.5,8,1
2012,2,25,8.4,8,1
2012,2,26,6.4,8,1
2012,2,27,5.7,8,1
2012,2,28,4.6,8,1
2012,2,29,6.9,8,1
2012,3,1,7.6,8,1
2012,3,2,10.2,8,1
2012,3,3,10.7,8,1
2012,3,4,7.7,8,1
2012,3,5,9.7,8,1
2012,3,6,11.2,8,1
2012,3,7,9.3,8,1
2012,3,8,9.1,8,1
2012,3,9,9.7,8,1
2012,3,10,9,8,1
2012,3,11,6.3,8,1
2012,3,12,3.6,8,1
2012,3,13,4.7,8,1
2012,3,14,7.4,8,1
2012,3,15,9.5,8,1
2012,3,16,9.6,8,1
2012,3,17,14.5,8,1
2012,3,18,12.6,8,1
2012,3,19,9.6,8,1
2012,3,20,8.4,8,1
2012,3,21,8.7,8,1
2012,3,22,9.9,8,1
2012,3,23,10.3,8,1
2012,3,24,9.3,8,1
2012,3,25,8.3,8,1
2012,3,26,7.5,8,1
2012,3,27,10.5,8,1
2012,3,28,13.2,8,1
2012,3,29,14.2,8,1
2012,3,30,18.5,8,1
2012,3,31,11.2,8,1
2012,4,1,9.2,8,1
2012,4,2,12.9,8,1
2012,4,3,12.6,8,1
2012,4,4,11.2,8,1
2012,4,5,13.4,8,1
2012,4,6,11.5,8,1
2012,4,7,9,8,1
2012,4,8,14.1,8,1
2012,4,9,17.8,8,1
2012,4,10,16.4,8,1
2012,4,11,16.3,8,1
2012,4,12,15.7,8,1
2012,4,13,13,8,1
2012,4,14,13.5,8,1
2012,4,15,15.1,8,1
2012,4,16,17.3,8,1
2012,4,17,14.9,8,1
2012,4,18,15.7,8,1
2012,4,19,16.3,8,1
2012,4,20,16.6,5,1
2012,4,21,17.8,8,1
2012,4,22,17.7,8,1
2012,4,23,17.8,8,1
2012,4,24,19.6,8,1
2012,4,25,16.9,8,1
2012,4,26,16,8,1
2012,4,27,15.5,8,1
2012,4,28,18.3,8,1
2012,4,29,18.9,8,1
2012,4,30,17.4,8,1
2012,5,1,20.5,8,1
2012,5,2,18.2,8,1
2012,5,3,16.2,8,1
2012,5,4,16,8,1
2012,5,5,20.8,8,1
2012,5,6,21.1,8,1
2012,5,7,21,8,1
2012,5,8,22.4,8,1
2012,5,9,20.4,8,1
2012,5,10,17.4,8,1
2012,5,11,15.5,8,1
2012,5,12,15.7,8,1
2012,5,13,17.4,8,1
2012,5,14,18.1,8,1
2012,5,15,18.5,8,1
2012,5,16,21.1,8,1
2012,5,17,20.7,8,1
2012,5,18,17.9,8,1
2012,5,19,18.7,8,1
2012,5,20,19.7,8,1
2012,5,21,19.5,8,1
2012,5,22,20.5,8,1
2012,5,23,19.4,8,1
2012,5,24,20.7,8,1
2012,5,25,18,8,1
2012,5,26,19.3,8,1
2012,5,27,20.8,8,1
2012,5,28,21,8,1
2012,5,29,21.5,8,1
2012,5,30,21.3,8,1
2012,5,31,21.8,8,1
2012,6,1,22,8,1
2012,6,2,22.4,8,1
2012,6,3,23,8,1
2012,6,4,23.2,8,1
2012,6,5,21,8,1
2012,6,6,21.9,8,1
2012,6,7,23,8,1
2012,6,8,21.4,8,1
2012,6,9,21.3,8,1
2012,6,10,22.5,8,1
2012,6,11,22.3,8,1
2012,6,12,22.9,8,1
2012,6,13,23.7,8,1
2012,6,14,24.7,8,1
2012,6,15,23.1,8,1
2012,6,16,20.9,8,1
2012,6,17,22.9,8,1
2012,6,18,21.5,8,1
2012,6,19,21.4,8,1
2012,6,20,22,8,1
2012,6,21,20.9,8,1
2012,6,22,22,8,1
2012,6,23,23.6,8,1
2012,6,24,21.3,8,1
2012,6,25,22.3,8,1
2012,6,26,23.1,8,1
2012,6,27,22.4,8,1
2012,6,28,23,8,1
2012,6,29,24.4,8,1
2012,6,30,26.1,8,1
2012,7,1,25.3,8,1
2012,7,2,25.4,8,1
2012,7,3,23.9,8,1
2012,7,4,24.4,8,1
2012,7,5,26.6,8,1
2012,7,6,27.4,8,1
2012,7,7,23.1,8,1
2012,7,8,22.6,8,1
2012,7,9,23.9,8,1
2012,7,10,26.4,8,1
2012,7,11,26.8,8,1
2012,7,12,27.8,8,1
2012,7,13,24.9,8,1
2012,7,14,25.1,8,1
2012,7,15,29.6,8,1
2012,7,16,27.3,8,1
2012,7,17,28,8,1
2012,7,18,28.9,8,1
2012,7,19,28.8,8,1
2012,7,20,28.1,8,1
2012,7,21,27.5,8,1
2012,7,22,27.7,8,1
2012,7,23,28.5,8,1
2012,7,24,28.9,8,1
2012,7,25,28.9,8,1
2012,7,26,29.1,8,1
2012,7,27,29.5,8,1
2012,7,28,29.7,8,1
2012,7,29,29.8,8,1
2012,7,30,28.3,8,1
2012,7,31,29.6,8,1
2012,8,1,29.4,8,1
2012,8,2,29.8,8,1
2012,8,3,30,8,1
2012,8,4,29.8,8,1
2012,8,5,29.5,8,1
2012,8,6,29.8,8,1
2012,8,7,29.6,8,1
2012,8,8,28.3,8,1
2012,8,9,26,8,1
2012,8,10,27.8,8,1
2012,8,11,27.3,8,1
2012,8,12,27.5,8,1
2012,8,13,27.4,8,1
2012,8,14,26.6,8,1
2012,8,15,30.1,8,1
2012,8,16,30.4,8,1
2012,8,17,28.8,8,1
2012,8,18,29.1,8,1
2012,8,19,29.3,8,1
2012,8,20,29.1,8,1
2012,8,21,28.5,8,1
2012,8,22,27.7,8,1
2012,8,23,28.3,8,1
2012,8,24,28.7,8,1
2012,8,25,29.1,8,1
2012,8,26,28.9,8,1
2012,8,27,28.6,8,1
2012,8,28,27.7,8,1
2012,8,29,27.3,8,1
2012,8,30,27.6,8,1
2012,8,31,24.2,8,1
2012,9,1,24.4,8,1
2012,9,2,25.7,8,1
2012,9,3,26.6,8,1
2012,9,4,27.2,8,1
2012,9,5,26.3,8,1
2012,9,6,26.5,8,1
2012,9,7,27.3,8,1
2012,9,8,26.1,8,1
2012,9,9,26.1,8,1
2012,9,10,24.5,8,1
2012,9,11,24.6,8,1
2012,9,12,25.3,8,1
2012,9,13,26.5,8,1
2012,9,14,26.1,8,1
2012,9,15,24.2,8,1
2012,9,16,24.6,8,1
2012,9,17,27.5,8,1
2012,9,18,23.3,8,1
2012,9,19,22.1,8,1
2012,9,20,21.1,8,1
2012,9,21,20.8,8,1
2012,9,22,20.3,8,1
2012,9,23,20.6,8,1
2012,9,24,21.5,8,1
2012,9,25,23.2,8,1
2012,9,26,22.5,8,1
2012,9,27,22.8,8,1
2012,9,28,21.8,8,1
2012,9,29,20.4,8,1
2012,9,30,20.3,8,1
2012,10,1,20.4,8,1
2012,10,2,19.9,8,1
2012,10,3,20.5,8,1
2012,10,4,21.4,8,1
2012,10,5,19,8,1
2012,10,6,19.6,8,1
2012,10,7,20.8,8,1
2012,10,8,20.5,8,1
2012,10,9,20.1,8,1
2012,10,10,19.5,8,1
2012,10,11,18.7,8,1
2012,10,12,18,8,1
2012,10,13,17.2,8,1
2012,10,14,18.8,8,1
2012,10,15,18.3,8,1
2012,10,16,19.8,8,1
2012,10,17,18.7,8,1
2012,10,18,18.2,8,1
2012,10,19,17.8,8,1
2012,10,20,16.3,8,1
2012,10,21,18.3,8,1
2012,10,22,21,8,1
2012,10,23,15.1,8,1
2012,10,24,14.1,8,1
2012,10,25,16.2,8,1
2012,10,26,16.4,8,1
2012,10,27,17.4,8,1
2012,10,28,19.2,8,1
2012,10,29,17.1,8,1
2012,10,30,15.5,8,1
2012,10,31,13.8,8,1
2012,11,1,12.8,8,1
2012,11,2,11.7,8,1
2012,11,3,12.5,8,1
2012,11,4,13.7,8,1
2012,11,5,15.6,8,1
2012,11,6,14.7,8,1
2012,11,7,14.6,8,1
2012,11,8,14.6,8,1
2012,11,9,15.3,8,1
2012,11,10,13.7,8,1
2012,11,11,16,8,1
2012,11,12,13.9,8,1
2012,11,13,12.4,8,1
2012,11,14,10.4,8,1
2012,11,15,10.3,8,1
2012,11,16,11.6,8,1
2012,11,17,12.6,8,1
2012,11,18,10.8,8,1
2012,11,19,11.2,8,1
2012,11,20,10.9,8,1
2012,11,21,9.9,8,1
2012,11,22,13,8,1
2012,11,23,13.6,8,1
2012,11,24,10.8,8,1
2012,11,25,9.9,8,1
2012,11,26,10.7,8,1
2012,11,27,7.1,8,1
2012,11,28,9.1,8,1
2012,11,29,10.1,8,1
2012,11,30,8.6,8,1
2012,12,1,8.7,8,1
2012,12,2,8.1,8,1
2012,12,3,9.5,8,1
2012,12,4,7.3,8,1
2012,12,5,7.1,8,1
2012,12,6,5.2,8,1
2012,12,7,6.7,8,1
2012,12,8,7.5,8,1
2012,12,9,4.6,8,1
2012,12,10,4.7,8,1
2012,12,11,4.2,8,1
2012,12,12,5.1,8,1
2012,12,13,6.1,8,1
2012,12,14,9.8,8,1
2012,12,15,13.6,8,1
2012,12,16,11.6,8,1
2012,12,17,10.9,8,1
2012,12,18,7.1,8,1
2012,12,19,4.8,8,1
2012,12,20,4.5,8,1
2012,12,21,7.3,8,1
2012,12,22,10,8,1
2012,12,23,4.4,8,1
2012,12,24,1.7,8,1
2012,12,25,4.5,8,1
2012,12,26,5,8,1
2012,12,27,4.6,8,1
2012,12,28,8.6,8,1
2012,12,29,10.4,8,1
2012,12,30,6.6,8,1
2012,12,31,2.2,8,1
2013,1,1,4.3,8,1
2013,1,2,6.5,8,1
2013,1,3,2.2,8,1
2013,1,4,2.5,8,1
2013,1,5,3.9,8,1
2013,1,6,4.6,8,1
2013,1,7,5.7,8,1
2013,1,8,7.4,8,1
2013,1,9,5.4,8,1
2013,1,10,3.5,8,1
2013,1,11,3.7,8,1
2013,1,12,6.3,8,1
2013,1,13,5.7,8,1
2013,1,14,7.7,8,1
2013,1,15,6.2,8,1
2013,1,16,5.2,8,1
2013,1,17,5,8,1
2013,1,18,2.5,8,1
2013,1,19,5.1,8,1
2013,1,20,5.8,8,1
2013,1,21,7.8,8,1
2013,1,22,10.2,8,1
2013,1,23,7.4,8,1
2013,1,24,7.7,8,1
2013,1,25,4.4,8,1
2013,1,26,3.7,8,1
2013,1,27,2.4,8,1
2013,1,28,4,8,1
2013,1,29,5.4,8,1
2013,1,30,7,8,1
2013,1,31,7.7,8,1
2013,2,1,9.8,8,1
2013,2,2,11.6,8,1
2013,2,3,8.7,8,1
2013,2,4,11,8,1
2013,2,5,7.8,8,1
2013,2,6,8,8,1
2013,2,7,5.6,8,1
2013,2,8,0.2,8,1
2013,2,9,3.2,8,1
2013,2,10,4.9,8,1
2013,2,11,5.2,8,1
2013,2,12,4.3,8,1
2013,2,13,5.3,8,1
2013,2,14,6.4,8,1
2013,2,15,6.7,8,1
2013,2,16,3.8,8,1
2013,2,17,4.8,8,1
2013,2,18,9.2,8,1
2013,2,19,6.6,8,1
2013,2,20,4.3,8,1
2013,2,21,3.6,8,1
2013,2,22,6.1,8,1
2013,2,23,7,8,1
2013,2,24,6.5,8,1
2013,2,25,7.2,8,1
2013,2,26,7.9,8,1
2013,2,27,9.4,8,1
2013,2,28,10.4,8,1
2013,3,1,11.7,8,1
2013,3,2,6.8,8,1
2013,3,3,6.6,8,1
2013,3,4,7.7,8,1
2013,3,5,9.5,8,1
2013,3,6,11.2,8,1
2013,3,7,14.9,8,1
2013,3,8,16.8,8,1
2013,3,9,18.3,8,1
2013,3,10,13.5,8,1
2013,3,11,8.8,8,1
2013,3,12,13.5,8,1
2013,3,13,14.4,8,1
2013,3,14,6.8,8,1
2013,3,15,7.1,8,1
2013,3,16,10.9,8,1
2013,3,17,12.1,8,1
2013,3,18,16,8,1
2013,3,19,15.3,8,1
2013,3,20,13.3,8,1
2013,3,21,9.1,8,1
2013,3,22,8.8,8,1
2013,3,23,11.7,8,1
2013,3,24,12,8,1
2013,3,25,10.4,8,1
2013,3,26,9.5,8,1
2013,3,27,10.1,8,1
2013,3,28,13.7,8,1
2013,3,29,12.1,8,1
2013,3,30,12,8,1
2013,3,31,11.5,8,1
2013,4,1,12.5,8,1
2013,4,2,12.5,8,1
2013,4,3,12.5,8,1
2013,4,4,12.5,8,1
2013,4,5,15.1,8,1
2013,4,6,15.1,8,1
2013,4,7,8.2,8,1
2013,4,8,11.8,8,1
2013,4,9,12.8,8,1
2013,4,10,9.8,8,1
2013,4,11,9.9,8,1
2013,4,12,11.5,8,1
2013,4,13,12.9,8,1
2013,4,14,17.3,8,1
2013,4,15,15.4,8,1
2013,4,16,21,8,1
2013,4,17,17.5,8,1
2013,4,18,15.6,8,1
2013,4,19,12.2,8,1
2013,4,20,8.8,8,1
2013,4,21,10.8,8,1
2013,4,22,11.6,8,1
2013,4,23,14.1,8,1
2013,4,24,15.5,8,1
2013,4,25,16.1,5,1
2013,4,26,14.7,8,1
2013,4,27,15.3,8,1
2013,4,28,17.2,8,1
2013,4,29,20.3,8,1
2013,4,30,15.6,8,1
2013,5,1,12.8,8,1
2013,5,2,12.7,8,1
2013,5,3,14.5,8,1
2013,5,4,15.4,8,1
2013,5,5,16.9,8,1
2013,5,6,19.3,8,1
2013,5,7,16.1,8,1
2013,5,8,17,8,1
2013,5,9,20.7,8,1
2013,5,10,19,8,1
2013,5,11,18.5,8,1
2013,5,12,19.8,8,1
2013,5,13,20.8,8,1
2013,5,14,20.9,8,1
2013,5,15,21.7,8,1
2013,5,16,18.9,8,1
2013,5,17,19.1,8,1
2013,5,18,20.7,8,1
2013,5,19,19.7,8,1
2013,5,20,20.5,8,1
2013,5,21,20.8,8,1
2013,5,22,21.6,8,1
2013,5,23,20.9,8,1
2013,5,24,23.1,8,1
2013,5,25,23.4,8,1
2013,5,26,24.1,8,1
2013,5,27,23.6,8,1
2013,5,28,22.3,8,1
2013,5,29,22.1,8,1
2013,5,30,20.4,8,1
2013,5,31,19.6,8,1
2013,6,1,18.9,8,1
2013,6,2,17.7,8,1
2013,6,3,21.6,8,1
2013,6,4,23.8,8,1
2013,6,5,23.6,8,1
2013,6,6,22.5,8,1
2013,6,7,21.8,8,1
2013,6,8,22.3,8,1
2013,6,9,20.7,8,1
2013,6,10,23.4,8,1
2013,6,11,24.8,8,1
2013,6,12,26,8,1
2013,6,13,24.5,8,1
2013,6,14,23.8,8,1
2013,6,15,24,8,1
2013,6,16,24.4,8,1
2013,6,17,25.2,8,1
2013,6,18,27.6,8,1
2013,6,19,26,8,1
2013,6,20,22.7,8,1
2013,6,21,20.2,8,1
2013,6,22,21.9,8,1
2013,6,23,21.3,8,1
2013,6,24,21.7,8,1
2013,6,25,22.7,8,1
2013,6,26,22.2,8,1
2013,6,27,23.4,8,1
2013,6,28,24.5,8,1
2013,6,29,24.7,8,1
2013,6,30,24.2,8,1
2013,7,1,23.5,8,1
2013,7,2,27.2,8,1
2013,7,3,26.8,8,1
2013,7,4,26.5,8,1
2013,7,5,28.7,8,1
2013,7,6,26,8,1
2013,7,7,28,8,1
2013,7,8,30,8,1
2013,7,9,29.4,8,1
2013,7,10,29.2,8,1
2013,7,11,29,8,1
2013,7,12,29.2,8,1
2013,7,13,29.5,8,1
2013,7,14,29.1,8,1
2013,7,15,28.5,8,1
2013,7,16,28.8,8,1
2013,7,17,29.3,8,1
2013,7,18,28.6,8,1
2013,7,19,28.2,8,1
2013,7,20,28.8,8,1
2013,7,21,28.8,8,1
2013,7,22,29.3,8,1
2013,7,23,29.3,8,1
2013,7,24,30.2,8,1
2013,7,25,30.1,8,1
2013,7,26,28.6,8,1
2013,7,27,29.1,8,1
2013,7,28,29.3,8,1
2013,7,29,29.3,8,1
2013,7,30,29.6,8,1
2013,7,31,30.3,8,1
2013,8,1,29.9,8,1
2013,8,2,29.2,8,1
2013,8,3,29.1,8,1
2013,8,4,27,8,1
2013,8,5,27.8,8,1
2013,8,6,29.7,8,1
2013,8,7,30.4,8,1
2013,8,8,30.6,8,1
2013,8,9,30.9,8,1
2013,8,10,31.3,8,1
2013,8,11,30.9,8,1
2013,8,12,30.3,8,1
2013,8,13,30.1,8,1
2013,8,14,29.8,8,1
2013,8,15,30.1,8,1
2013,8,16,30,8,1
2013,8,17,30,8,1
2013,8,18,30.9,8,1
2013,8,19,31.4,8,1
2013,8,20,31.5,8,1
2013,8,21,31.3,8,1
2013,8,22,30.5,8,1
2013,8,23,28.4,8,1
2013,8,24,26,8,1
2013,8,25,25.1,8,1
2013,8,26,25.5,8,1
2013,8,27,26.7,8,1
2013,8,28,27.7,8,1
2013,8,29,28.5,8,1
2013,8,30,25.7,8,1
2013,8,31,24.5,8,1
2013,9,1,23.3,8,1
2013,9,2,24.9,8,1
2013,9,3,21.1,8,1
2013,9,4,22,8,1
2013,9,5,23.7,8,1
2013,9,6,24.4,8,1
2013,9,7,22.9,8,1
2013,9,8,24.2,8,1
2013,9,9,24.7,8,1
2013,9,10,25.6,8,1
2013,9,11,26.3,8,1
2013,9,12,26.9,8,1
2013,9,13,28,8,1
2013,9,14,27.5,8,1
2013,9,15,26.8,8,1
2013,9,16,24.7,8,1
2013,9,17,22.6,8,1
2013,9,18,23.6,8,1
2013,9,19,24.5,8,1
2013,9,20,25.3,8,1
2013,9,21,26.2,8,1
2013,9,22,26.7,8,1
2013,9,23,25.9,8,1
2013,9,24,25.7,8,1
2013,9,25,23.6,8,1
2013,9,26,22.7,8,1
2013,9,27,21.4,8,1
2013,9,28,21.7,8,1
2013,9,29,23.4,8,1
2013,9,30,22,8,1
2013,10,1,22.6,8,1
2013,10,2,23,8,1
2013,10,3,22,8,1
2013,10,4,21.5,8,1
2013,10,5,20.7,8,1
2013,10,6,24.6,8,1
2013,10,7,24.6,8,1
2013,10,8,24.9,8,1
2013,10,9,22.9,8,1
2013,10,10,25.2,8,1
2013,10,11,23.4,8,1
2013,10,12,20,8,1
2013,10,13,18.9,8,1
2013,10,14,21.2,8,1
2013,10,15,20.8,8,1
2013,10,16,17.1,8,1
2013,10,17,17.6,8,1
2013,10,18,17.6,8,1
2013,10,19,18.4,8,1
2013,10,20,20.2,8,1
2013,10,21,19.8,8,1
2013,10,22,20.3,8,1
2013,10,23,18.8,8,1
2013,10,24,18.9,8,1
2013,10,25,17.9,8,1
2013,10,26,17.1,8,1
2013,10,27,15.2,8,1
2013,10,28,15.1,8,1
2013,10,29,15.7,8,1
2013,10,30,16.1,8,1
2013,10,31,15.1,8,1
2013,11,1,15.8,8,1
2013,11,2,17.3,8,1
2013,11,3,17.7,8,1
2013,11,4,16.9,8,1
2013,11,5,14.6,8,1
2013,11,6,16.2,8,1
2013,11,7,18,8,1
2013,11,8,15.6,8,1
2013,11,9,16.6,8,1
2013,11,10,17,8,1
2013,11,11,11.7,8,1
2013,11,12,10.4,8,1
2013,11,13,10.2,8,1
2013,11,14,12.5,8,1
2013,11,15,14,8,1
2013,11,16,12.6,8,1
2013,11,17,13,8,1
2013,11,18,9.9,8,1
2013,11,19,9.8,8,1
2013,11,20,10.4,8,1
2013,11,21,9.7,8,1
2013,11,22,9.7,8,1
2013,11,23,9.9,8,1
2013,11,24,12,8,1
2013,11,25,13.9,8,1
2013,11,26,9.9,8,1
2013,11,27,10,8,1
2013,11,28,6.5,8,1
2013,11,29,7.6,8,1
2013,11,30,9.5,8,1
2013,12,1,9.4,8,1
2013,12,2,9.7,8,1
2013,12,3,9.5,8,1
2013,12,4,9.2,8,1
2013,12,5,9.5,8,1
2013,12,6,10.5,8,1
2013,12,7,8.4,8,1
2013,12,8,9.3,8,1
2013,12,9,9.3,8,1
2013,12,10,8.8,8,1
2013,12,11,8.2,8,1
2013,12,12,6.8,8,1
2013,12,13,7.7,8,1
2013,12,14,7.3,8,1
2013,12,15,7.5,8,1
2013,12,16,8.2,8,1
2013,12,17,8.3,8,1
2013,12,18,6.7,8,1
2013,12,19,6.8,8,1
2013,12,20,5.8,8,1
2013,12,21,4.3,8,1
2013,12,22,5.8,8,1
2013,12,23,5.8,8,1
2013,12,24,7,8,1
2013,12,25,6.1,8,1
2013,12,26,6.2,8,1
2013,12,27,5.8,8,1
2013,12,28,4,8,1
2013,12,29,4.3,8,1
2013,12,30,6.8,8,1
2013,12,31,9,8,1
2014,1,1,10.1,8,1
2014,1,2,8,8,1
2014,1,3,7.2,8,1
2014,1,4,8.2,8,1
2014,1,5,7.4,8,1
2014,1,6,6.4,8,1
2014,1,7,7.5,8,1
2014,1,8,7.5,8,1
2014,1,9,5.6,8,1
2014,1,10,3.3,8,1
2014,1,11,4.5,8,1
2014,1,12,4.6,8,1
2014,1,13,5.2,8,1
2014,1,14,5.2,8,1
2014,1,15,6.1,8,1
2014,1,16,4.5,8,1
2014,1,17,5.1,8,1
2014,1,18,5.9,8,1
2014,1,19,5,8,1
2014,1,20,6.7,8,1
2014,1,21,3.8,8,1
2014,1,22,2.7,8,1
2014,1,23,4.1,8,1
2014,1,24,8.5,8,1
2014,1,25,12.9,8,1
2014,1,26,9,8,1
2014,1,27,4.9,8,1
2014,1,28,7.8,8,1
2014,1,29,8.4,8,1
2014,1,30,11.6,8,1
2014,1,31,10.3,8,1
2014,2,1,11.8,8,1
2014,2,2,15.5,8,1
2014,2,3,12.6,8,1
2014,2,4,5,8,1
2014,2,5,3.6,8,1
2014,2,6,3,8,1
2014,2,7,3.4,8,1
2014,2,8,5.1,8,1
2014,2,9,5.2,8,1
2014,2,10,4.5,8,1
2014,2,11,3.6,8,1
2014,2,12,4.3,8,1
2014,2,13,4.8,8,1
2014,2,14,4.4,8,1
2014,2,15,6.7,8,1
2014,2,16,6.7,8,1
2014,2,17,6.5,8,1
2014,2,18,4.7,8,1
2014,2,19,5.3,8,1
2014,2,20,6,8,1
2014,2,21,5.6,8,1
2014,2,22,6.2,8,1
2014,2,23,6.9,8,1
2014,2,24,7.3,8,1
2014,2,25,8.7,8,1
2014,2,26,8.3,8,1
2014,2,27,11.1,8,1
2014,2,28,11,8,1
2014,3,1,10.9,8,1
2014,3,2,9.2,8,1
2014,3,3,8.1,8,1
2014,3,4,8.6,8,1
2014,3,5,9,8,1
2014,3,6,5.7,8,1
2014,3,7,5,8,1
2014,3,8,4.7,8,1
2014,3,9,6.4,8,1
2014,3,10,5.5,8,1
2014,3,11,7.6,8,1
2014,3,12,12.1,8,1
2014,3,13,9.8,8,1
2014,3,14,5.7,8,1
2014,3,15,8.4,8,1
2014,3,16,12.9,8,1
2014,3,17,14.5,8,1
2014,3,18,16.2,8,1
2014,3,19,13.8,8,1
2014,3,20,10.3,8,1
2014,3,21,8.1,8,1
2014,3,22,8.3,8,1
2014,3,23,11.5,8,1
2014,3,24,13.4,8,1
2014,3,25,15.3,8,1
2014,3,26,16.5,8,1
2014,3,27,14.3,8,1
2014,3,28,16,8,1
2014,3,29,15.8,8,1
2014,3,30,13.4,8,1
2014,3,31,12.3,8,1
2014,4,1,13.6,8,1
2014,4,2,15.6,8,1
2014,4,3,15.1,8,1
2014,4,4,9.7,8,1
2014,4,5,8.5,8,1
2014,4,6,8.6,8,1
2014,4,7,11.9,8,1
2014,4,8,13.9,8,1
2014,4,9,14.2,8,1
2014,4,10,14.2,8,1
2014,4,11,13.8,8,1
2014,4,12,14.7,8,1
2014,4,13,12.5,8,1
2014,4,14,13.2,8,1
2014,4,15,15.4,8,1
2014,4,16,17.7,8,1
2014,4,17,16.8,8,1
2014,4,18,14.6,8,1
2014,4,19,14.7,8,1
2014,4,20,13.6,8,1
2014,4,21,15.5,8,1
2014,4,22,14.9,8,1
2014,4,23,15.1,8,1
2014,4,24,16.7,8,1
2014,4,25,17.6,8,1
2014,4,26,18.2,8,1
2014,4,27,18.6,8,1
2014,4,28,16.8,8,1
2014,4,29,17.2,8,1
2014,4,30,16,8,1
2014,5,1,16.8,8,1
2014,5,2,19.5,8,1
2014,5,3,17.3,8,1
2014,5,4,16.7,8,1
2014,5,5,15,8,1
2014,5,6,13.4,8,1
2014,5,7,15.7,8,1
2014,5,8,19.7,8,1
2014,5,9,17.9,8,1
2014,5,10,18.5,8,1
2014,5,11,21.1,8,1
2014,5,12,18.8,8,1
2014,5,13,20.7,8,1
2014,5,14,17.4,8,1
2014,5,15,18.2,5,1
2014,5,16,21.2,8,1
2014,5,17,21.5,8,1
2014,5,18,20.9,8,1
2014,5,19,21.5,8,1
2014,5,20,18.1,8,1
2014,5,21,19.6,8,1
2014,5,22,19.9,8,1
2014,5,23,19.3,8,1
2014,5,24,22,8,1
2014,5,25,23.6,8,1
2014,5,26,21.4,8,1
2014,5,27,22.4,8,1
2014,5,28,24,8,1
2014,5,29,24.1,8,1
2014,5,30,24.6,8,1
2014,5,31,24.4,8,1
2014,6,1,24.9,8,1
2014,6,2,22.3,8,1
2014,6,3,22.2,8,1
2014,6,4,21,8,1
2014,6,5,21.1,8,1
2014,6,6,20.2,8,1
2014,6,7,20.2,8,1
2014,6,8,20.9,8,1
2014,6,9,23,8,1
2014,6,10,23.3,8,1
2014,6,11,21.4,8,1
2014,6,12,20.3,8,1
2014,6,13,21.6,8,1
2014,6,14,23.1,8,1
2014,6,15,23.2,8,1
2014,6,16,23.4,8,1
2014,6,17,20.3,8,1
2014,6,18,18.8,8,1
2014,6,19,22.2,8,1
2014,6,20,23.7,8,1
2014,6,21,22.1,8,1
2014,6,22,21,8,1
2014,6,23,21.5,8,1
2014,6,24,22.4,8,1
2014,6,25,23.1,8,1
2014,6,26,23.3,8,1
2014,6,27,22.5,8,1
2014,6,28,23.2,8,1
2014,6,29,24.7,8,1
2014,6,30,24.2,8,1
2014,7,1,24.6,8,1
2014,7,2,24.1,8,1
2014,7,3,22.8,8,1
2014,7,4,22.6,8,1
2014,7,5,22.8,8,1
2014,7,6,21.7,8,1
2014,7,7,23.4,8,1
2014,7,8,27,8,1
2014,7,9,27.1,8,1
2014,7,10,25.4,8,1
2014,7,11,26.2,8,1
2014,7,12,25,8,1
2014,7,13,25.2,8,1
2014,7,14,24.8,8,1
2014,7,15,25.2,8,1
2014,7,16,26.5,8,1
2014,7,17,26.9,8,1
2014,7,18,27.1,8,1
2014,7,19,27.5,8,1
2014,7,20,26.7,8,1
2014,7,21,27.1,8,1
2014,7,22,27.9,8,1
2014,7,23,29,8,1
2014,7,24,30,8,1
2014,7,25,30.8,8,1
2014,7,26,30.1,8,1
2014,7,27,26.6,8,1
2014,7,28,26.5,8,1
2014,7,29,28.7,8,1
2014,7,30,29.3,8,1
2014,7,31,29,8,1
2014,8,1,27.2,8,1
2014,8,2,26.8,8,1
2014,8,3,26.6,8,1
2014,8,4,26.9,8,1
2014,8,5,26.2,8,1
2014,8,6,27.3,8,1
2014,8,7,27.4,8,1
2014,8,8,25.9,8,1
2014,8,9,26.6,8,1
2014,8,10,23.9,8,1
2014,8,11,24.8,8,1
2014,8,12,25.5,8,1
2014,8,13,27,8,1
2014,8,14,27.6,8,1
2014,8,15,25.9,8,1
2014,8,16,24.6,8,1
2014,8,17,26.2,8,1
2014,8,18,27.4,8,1
2014,8,19,26.6,8,1
2014,8,20,26.6,8,1
2014,8,21,28,8,1
2014,8,22,25.4,8,1
2014,8,23,26.6,8,1
2014,8,24,26.2,8,1
2014,8,25,27.3,8,1
2014,8,26,26,8,1
2014,8,27,24.9,8,1
2014,8,28,24,8,1
2014,8,29,22.3,8,1
2014,8,30,24.4,8,1
2014,8,31,24.2,8,1
2014,9,1,24.6,8,1
2014,9,2,26.2,8,1
2014,9,3,26.2,8,1
2014,9,4,23.8,8,1
2014,9,5,25.1,8,1
2014,9,6,24.2,8,1
2014,9,7,25.7,8,1
2014,9,8,24.7,8,1
2014,9,9,24.5,8,1
2014,9,10,25,8,1
2014,9,11,24.4,8,1
2014,9,12,22.8,8,1
2014,9,13,23.8,8,1
2014,9,14,22.7,8,1
2014,9,15,23.5,8,1
2014,9,16,24.1,8,1
2014,9,17,24,8,1
2014,9,18,22.8,8,1
2014,9,19,20.9,8,1
2014,9,20,20.4,8,1
2014,9,21,21.4,8,1
2014,9,22,23.4,8,1
2014,9,23,23.7,8,1
2014,9,24,24.3,8,1
2014,9,25,22.5,8,1
2014,9,26,22.1,8,1
2014,9,27,22.4,8,1
2014,9,28,22.6,8,1
2014,9,29,22.4,8,1
2014,9,30,22.1,8,1
2014,10,1,22.5,8,1
2014,10,2,22.2,8,1
2014,10,3,21.9,8,1
2014,10,4,21.2,8,1
2014,10,5,20.9,8,1
2014,10,6,20,8,1
2014,10,7,19.1,8,1
2014,10,8,18.4,8,1
2014,10,9,21.2,8,1
2014,10,10,23.5,5,1
2014,10,11,22.2,8,1
2014,10,12,21.9,8,1
2014,10,13,19.1,8,1
2014,10,14,17.8,8,1
2014,10,15,15.8,8,1
2014,10,16,16.5,8,1
2014,10,17,16.6,8,1
2014,10,18,16.4,8,1
2014,10,19,17.7,8,1
2014,10,20,20.3,8,1
2014,10,21,21.2,8,1
2014,10,22,18,8,1
2014,10,23,17.1,8,1
2014,10,24,16.1,8,1
2014,10,25,17.7,8,1
2014,10,26,19.3,8,1
2014,10,27,17.7,8,1
2014,10,28,15.1,8,1
2014,10,29,14.7,8,1
2014,10,30,17.1,8,1
2014,10,31,19.1,8,1
2014,11,1,18.9,8,1
2014,11,2,18.1,8,1
2014,11,3,13,8,1
2014,11,4,11.8,8,1
2014,11,5,13.2,8,1
2014,11,6,14.9,8,1
2014,11,7,15.2,8,1
2014,11,8,16.1,8,1
2014,11,9,15.3,8,1
2014,11,10,14.6,8,1
2014,11,11,13.7,8,1
2014,11,12,14.7,8,1
2014,11,13,10.6,8,1
2014,11,14,10.7,8,1
2014,11,15,10.7,8,1
2014,11,16,11.5,8,1
2014,11,17,12.3,8,1
2014,11,18,11.8,8,1
2014,11,19,12.1,8,1
2014,11,20,12,8,1
2014,11,21,12.7,8,1
2014,11,22,13.9,8,1
2014,11,23,14,8,1
2014,11,24,15.6,8,1
2014,11,25,16.1,8,1
2014,11,26,14.9,8,1
2014,11,27,12.7,8,1
2014,11,28,14.5,8,1
2014,11,29,16.1,8,1
2014,11,30,13.2,8,1
2014,12,1,11.8,8,1
2014,12,2,5.4,8,1
2014,12,3,7.1,8,1
2014,12,4,7.2,8,1
2014,12,5,5.2,8,1
2014,12,6,5.6,8,1
2014,12,7,5.3,8,1
2014,12,8,6.2,8,1
2014,12,9,7.6,8,1
2014,12,10,9.4,8,1
2014,12,11,10.3,8,1
2014,12,12,7.4,8,1
2014,12,13,6.4,8,1
2014,12,14,5,8,1
2014,12,15,5.9,8,1
2014,12,16,6.4,8,1
2014,12,17,3.2,8,1
2014,12,18,2.7,8,1
2014,12,19,5.4,8,1
2014,12,20,8,8,1
2014,12,21,4.8,8,1
2014,12,22,5.4,8,1
2014,12,23,7.3,8,1
2014,12,24,8.7,8,1
2014,12,25,7.2,8,1
2014,12,26,4.9,8,1
2014,12,27,4.8,8,1
2014,12,28,7.5,8,1
2014,12,29,8.2,8,1
2014,12,30,9.4,8,1
2014,12,31,7.6,8,1
2015,1,1,2.2,8,1
2015,1,2,3.8,8,1
2015,1,3,4,8,1
2015,1,4,9.1,8,1
2015,1,5,9.3,8,1
2015,1,6,11.6,8,1
2015,1,7,5.3,8,1
2015,1,8,4.3,8,1
2015,1,9,5.7,8,1
2015,1,10,7.7,8,1
2015,1,11,8.5,8,1
2015,1,12,6.1,8,1
2015,1,13,6.9,8,1
2015,1,14,7.5,8,1
2015,1,15,9.4,8,1
2015,1,16,9.1,8,1
2015,1,17,6.3,8,1
2015,1,18,5.5,8,1
2015,1,19,7.8,8,1
2015,1,20,7,8,1
2015,1,21,8.5,8,1
2015,1,22,8.7,8,1
2015,1,23,6.8,8,1
2015,1,24,7.1,8,1
2015,1,25,8.9,8,1
2015,1,26,10.6,8,1
2015,1,27,9.9,8,1
2015,1,28,7.2,8,1
2015,1,29,4.8,8,1
2015,1,30,5.5,8,1
2015,1,31,5.2,8,1
2015,2,1,5.1,8,1
2015,2,2,4.9,8,1
2015,2,3,5.5,8,1
2015,2,4,5.8,8,1
2015,2,5,4.8,8,1
2015,2,6,4.6,8,1
2015,2,7,6.1,8,1
2015,2,8,4.6,8,1
2015,2,9,0.9,8,1
2015,2,10,5.9,8,1
2015,2,11,8.2,8,1
2015,2,12,7.3,8,1
2015,2,13,4.9,8,1
2015,2,14,6.4,8,1
2015,2,15,9,8,1
2015,2,16,8.7,8,1
2015,2,17,9.1,5,1
2015,2,18,6.7,8,1
2015,2,19,5.7,8,1
2015,2,20,7.2,8,1
2015,2,21,8.1,8,1
2015,2,22,11.4,8,1
2015,2,23,9.3,8,1
2015,2,24,8.3,8,1
2015,2,25,8.5,8,1
2015,2,26,9.6,8,1
2015,2,27,5.7,8,1
2015,2,28,7,8,1
2015,3,1,7.2,8,1
2015,3,2,7,8,1
2015,3,3,6,8,1
2015,3,4,6.6,8,1
2015,3,5,6.4,8,1
2015,3,6,6.6,8,1
2015,3,7,8.1,8,1
2015,3,8,9.5,8,1
2015,3,9,9.1,8,1
2015,3,10,2.7,8,1
2015,3,11,6,8,1
2015,3,12,7.6,8,1
2015,3,13,9.6,8,1
2015,3,14,10.1,8,1
2015,3,15,10.5,8,1
2015,3,16,12.4,8,1
2015,3,17,13.7,8,1
2015,3,18,15.4,8,1
2015,3,19,12.8,8,1
2015,3,20,12.9,8,1
2015,3,21,13.7,8,1
2015,3,22,13.1,8,1
2015,3,23,10.6,8,1
2015,3,24,8.7,8,1
2015,3,25,7.6,8,1
2015,3,26,8.9,8,1
2015,3,27,11.2,8,1
2015,3,28,15.5,8,1
2015,3,29,15.2,8,1
2015,3,30,15.4,8,1
2015,3,31,16.4,8,1
2015,4,1,15.9,8,1
2015,4,2,17.3,8,1
2015,4,3,19.2,8,1
2015,4,4,14.9,8,1
2015,4,5,15.1,8,1
2015,4,6,13.8,8,1
2015,4,7,12.1,8,1
2015,4,8,11.1,8,1
2015,4,9,11.7,8,1
2015,4,10,11.8,8,1
2015,4,11,13.9,8,1
2015,4,12,13.8,8,1
2015,4,13,12.8,8,1
2015,4,14,12.2,8,1
2015,4,15,12.9,8,1
2015,4,16,17.6,8,1
2015,4,17,14.1,8,1
2015,4,18,15.8,8,1
2015,4,19,17,8,1
2015,4,20,14.8,8,1
2015,4,21,13.6,8,1
2015,4,22,15.3,8,1
2015,4,23,16.8,8,1
2015,4,24,16.6,8,1
2015,4,25,16.2,8,1
2015,4,26,18.3,8,1
2015,4,27,19.4,8,1
2015,4,28,19.1,8,1
2015,4,29,20.6,8,1
2015,4,30,18.4,8,1
2015,5,1,21,8,1
2015,5,2,21.5,8,1
2015,5,3,18.4,8,1
2015,5,4,19.2,8,1
2015,5,5,17.4,8,1
2015,5,6,17.1,8,1
2015,5,7,17.9,8,1
2015,5,8,19.1,8,1
2015,5,9,18.3,8,1
2015,5,10,18.8,8,1
2015,5,11,19.6,8,1
2015,5,12,17.2,8,1
2015,5,13,20.8,8,1
2015,5,14,22.6,8,1
2015,5,15,23.2,8,1
2015,5,16,17.3,8,1
2015,5,17,20,8,1
2015,5,18,19.3,8,1
2015,5,19,20.3,8,1
2015,5,20,18.8,8,1
2015,5,21,17.9,8,1
2015,5,22,21,8,1
2015,5,23,20.2,8,1
2015,5,24,21.8,8,1
2015,5,25,21.7,8,1
2015,5,26,23.1,8,1
2015,5,27,22.8,8,1
2015,5,28,22.7,8,1
2015,5,29,23.8,8,1
2015,5,30,21.3,8,1
2015,5,31,21,8,1
2015,6,1,22.9,8,1
2015,6,2,23.5,8,1
2015,6,3,21.4,8,1
2015,6,4,21,8,1
2015,6,5,17.1,8,1
2015,6,6,19.2,8,1
2015,6,7,20.2,8,1
2015,6,8,20.4,8,1
2015,6,9,20.4,8,1
2015,6,10,22.6,8,1
2015,6,11,22.4,8,1
2015,6,12,25.9,8,1
2015,6,13,24.3,8,1
2015,6,14,23.7,8,1
2015,6,15,24.3,8,1
2015,6,16,22.1,8,1
2015,6,17,21.9,8,1
2015,6,18,20.4,8,1
2015,6,19,20.7,8,1
2015,6,20,21.8,8,1
2015,6,21,22.1,8,1
2015,6,22,21.5,8,1
2015,6,23,23.3,8,1
2015,6,24,23.8,8,1
2015,6,25,24.4,8,1
2015,6,26,24.2,8,1
2015,6,27,20.5,8,1
2015,6,28,21.3,8,1
2015,6,29,23.5,8,1
2015,6,30,22.9,8,1
2015,7,1,22.1,8,1
2015,7,2,22.6,8,1
2015,7,3,23.4,8,1
2015,7,4,21.1,8,1
2015,7,5,21.7,8,1
2015,7,6,22.5,8,1
2015,7,7,22.2,8,1
2015,7,8,23.6,8,1
2015,7,9,26.8,8,1
2015,7,10,28.3,8,1
2015,7,11,27.2,8,1
2015,7,12,27.4,8,1
2015,7,13,26.9,8,1
2015,7,14,26.6,8,1
2015,7,15,26.9,8,1
2015,7,16,23.4,8,1
2015,7,17,19.2,8,1
2015,7,18,23.7,8,1
2015,7,19,27.1,8,1
2015,7,20,27,8,1
2015,7,21,25.2,8,1
2015,7,22,25,8,1
2015,7,23,27.4,8,1
2015,7,24,29.3,8,1
2015,7,25,29,8,1
2015,7,26,28.3,8,1
2015,7,27,28,8,1
2015,7,28,28.6,8,1
2015,7,29,29.5,8,1
2015,7,30,29.3,8,1
2015,7,31,28.8,8,1
2015,8,1,28.9,8,1
2015,8,2,28.7,8,1
2015,8,3,28.4,8,1
2015,8,4,28.7,8,1
2015,8,5,29.1,8,1
2015,8,6,30.3,8,1
2015,8,7,30.3,8,1
2015,8,8,30.1,8,1
2015,8,9,28.9,8,1
2015,8,10,28.9,8,1
2015,8,11,29,8,1
2015,8,12,25.8,8,1
2015,8,13,25.8,8,1
2015,8,14,26.5,8,1
2015,8,15,27.3,8,1
2015,8,16,26.7,8,1
2015,8,17,25.6,8,1
2015,8,18,26.9,8,1
2015,8,19,26.7,8,1
2015,8,20,25.3,8,1
2015,8,21,27,8,1
2015,8,22,26.4,8,1
2015,8,23,26.4,8,1
2015,8,24,25.4,8,1
2015,8,25,23.6,8,1
2015,8,26,23.4,8,1
2015,8,27,25.1,8,1
2015,8,28,24.9,8,1
2015,8,29,24.1,8,1
2015,8,30,24.7,8,1
2015,8,31,23.4,8,1
2015,9,1,25.2,8,1
2015,9,2,24.3,8,1
2015,9,3,24.7,8,1
2015,9,4,24.8,8,1
2015,9,5,23.4,8,1
2015,9,6,21.9,8,1
2015,9,7,23.3,8,1
2015,9,8,23.2,8,1
2015,9,9,22,8,1
2015,9,10,22,8,1
2015,9,11,21.3,8,1
2015,9,12,21.9,8,1
2015,9,13,21.5,8,1
2015,9,14,20.7,8,1
2015,9,15,21.5,8,1
2015,9,16,21.1,8,1
2015,9,17,23.2,8,1
2015,9,18,22.8,5,1
2015,9,19,21.4,8,1
2015,9,20,21.2,8,1
2015,9,21,22.4,8,1
2015,9,22,22.6,8,1
2015,9,23,22.8,8,1
2015,9,24,22.9,8,1
2015,9,25,23.2,8,1
2015,9,26,23.6,8,1
2015,9,27,24.2,8,1
2015,9,28,23.9,8,1
2015,9,29,23.9,8,1
2015,9,30,20.2,8,1
2015,10,1,22.5,8,1
2015,10,2,19.6,8,1
2015,10,3,19.6,8,1
2015,10,4,20,8,1
2015,10,5,18.9,8,1
2015,10,6,18,8,1
2015,10,7,18.3,8,1
2015,10,8,17.8,8,1
2015,10,9,18.6,8,1
2015,10,10,17.7,8,1
2015,10,11,17.5,8,1
2015,10,12,17.2,8,1
2015,10,13,17,8,1
2015,10,14,16.9,8,1
2015,10,15,18,8,1
2015,10,16,18.4,8,1
2015,10,17,18.2,8,1
2015,10,18,18.1,8,1
2015,10,19,18.5,8,1
2015,10,20,18.8,8,1
2015,10,21,19.5,8,1
2015,10,22,19.1,8,1
2015,10,23,18.7,8,1
2015,10,24,19.1,8,1
2015,10,25,18.1,8,1
2015,10,26,16.9,8,1
2015,10,27,17.7,8,1
2015,10,28,15.3,8,1
2015,10,29,15.2,8,1
2015,10,30,15.5,8,1
2015,10,31,13,8,1
2015,11,1,12.1,8,1
2015,11,2,14,8,1
2015,11,3,14.1,8,1
2015,11,4,15.2,8,1
2015,11,5,17.6,8,1
2015,11,6,18.6,8,1
2015,11,7,19.4,8,1
2015,11,8,21,8,1
2015,11,9,17.7,8,1
2015,11,10,16,8,1
2015,11,11,16,8,1
2015,11,12,16.9,8,1
2015,11,13,16,8,1
2015,11,14,18,8,1
2015,11,15,17.6,8,1
2015,11,16,17.3,8,1
2015,11,17,18.5,8,1
2015,11,18,17.2,8,1
2015,11,19,16.5,8,1
2015,11,20,16.2,8,1
2015,11,21,15.9,8,1
2015,11,22,16.5,8,1
2015,11,23,16.1,8,1
2015,11,24,15.4,8,1
2015,11,25,12.4,8,1
2015,11,26,8.8,8,1
2015,11,27,8.8,8,1
2015,11,28,9.4,8,1
2015,11,29,9,8,1
2015,11,30,11.3,8,1
2015,12,1,11.3,8,1
2015,12,2,11.2,8,1
2015,12,3,10.1,8,1
2015,12,4,9.4,8,1
2015,12,5,10.4,8,1
2015,12,6,10.8,8,1
2015,12,7,10.9,8,1
2015,12,8,10.1,8,1
2015,12,9,11.9,8,1
2015,12,10,13.9,8,1
2015,12,11,13.3,8,1
2015,12,12,11.3,8,1
2015,12,13,9.7,8,1
2015,12,14,11.5,8,1
2015,12,15,12.8,8,1
2015,12,16,9.5,8,1
2015,12,17,5.2,8,1
2015,12,18,5.6,8,1
2015,12,19,7.6,8,1
2015,12,20,7.8,8,1
2015,12,21,11,8,1
2015,12,22,9.6,8,1
2015,12,23,10.4,8,1
2015,12,24,11.7,8,1
2015,12,25,9.3,8,1
2015,12,26,7.2,8,1
2015,12,27,8.4,8,1
2015,12,28,7,8,1
2015,12,29,5.8,8,1
2015,12,30,6.1,8,1
2015,12,31,6.5,8,1
2016,1,1,7.2,8,1
2016,1,2,11.4,8,1
2016,1,3,11.9,8,1
2016,1,4,11.1,8,1
2016,1,5,9.1,8,1
2016,1,6,8.5,8,1
2016,1,7,8.2,8,1
2016,1,8,6.5,8,1
2016,1,9,6.9,8,1
2016,1,10,7.1,8,1
2016,1,11,7.5,8,1
2016,1,12,7.6,8,1
2016,1,13,5.6,8,1
2016,1,14,6.3,8,1
2016,1,15,5.6,8,1
2016,1,16,6.2,8,1
2016,1,17,6.9,8,1
2016,1,18,6.8,8,1
2016,1,19,2.1,8,1
2016,1,20,2.3,8,1
2016,1,21,3.4,8,1
2016,1,22,5.4,8,1
2016,1,23,3.1,8,1
2016,1,24,-2.7,8,1
2016,1,25,0.4,8,1
2016,1,26,3.6,8,1
2016,1,27,7.4,8,1
2016,1,28,7.3,8,1
2016,1,29,10.2,8,1
2016,1,30,10.6,8,1
2016,1,31,8.6,8,1
2016,2,1,6.5,8,1
2016,2,2,4.9,8,1
2016,2,3,4.8,8,1
2016,2,4,5.6,8,1
2016,2,5,5.9,8,1
2016,2,6,5.1,8,1
2016,2,7,4.3,8,1
2016,2,8,5.5,8,1
2016,2,9,8.3,8,1
2016,2,10,6.3,8,1
2016,2,11,7.7,8,1
2016,2,12,12.1,8,1
2016,2,13,15.9,8,1
2016,2,14,10.2,8,1
2016,2,15,3.6,8,1
2016,2,16,4.5,8,1
2016,2,17,5.1,8,1
2016,2,18,6.4,8,1
2016,2,19,10.5,8,1
2016,2,20,8.4,8,1
2016,2,21,5.8,8,1
2016,2,22,5.4,8,1
2016,2,23,7.1,8,1
2016,2,24,5.9,8,1
2016,2,25,3.6,8,1
2016,2,26,5.2,8,1
2016,2,27,9.1,8,1
2016,2,28,12.6,8,1
2016,2,29,5.9,8,1
2016,3,1,3.5,8,1
2016,3,2,7.2,8,1
2016,3,3,11.1,8,1
2016,3,4,12.5,8,1
2016,3,5,15.8,8,1
2016,3,6,15.5,8,1
2016,3,7,14.2,8,1
2016,3,8,13,8,1
2016,3,9,9.8,8,1
2016,3,10,8.9,8,1
2016,3,11,6.5,8,1
2016,3,12,5.5,8,1
2016,3,13,6.8,8,1
2016,3,14,8.9,8,1
2016,3,15,9.1,8,1
2016,3,16,10.6,8,1
2016,3,17,13,8,1
2016,3,18,13.8,8,1
2016,3,19,13.8,8,1
2016,3,20,10,8,1
2016,3,21,8.9,8,1
2016,3,22,10.7,8,1
2016,3,23,12.3,8,1
2016,3,24,10.1,8,1
2016,3,25,8.5,8,1
2016,3,26,9,8,1
2016,3,27,9,8,1
2016,3,28,10.8,8,1
2016,3,29,13.6,8,1
2016,3,30,16.3,8,1
2016,3,31,15.1,8,1
2016,4,1,14.4,8,1
2016,4,2,17.3,8,1
2016,4,3,17.3,8,1
2016,4,4,14.5,8,1
2016,4,5,13.8,8,1
2016,4,6,15,8,1
2016,4,7,17.1,8,1
2016,4,8,14.9,8,1
2016,4,9,17.2,8,1
2016,4,10,15.7,8,1
2016,4,11,13.3,8,1
2016,4,12,14,8,1
2016,4,13,15.6,8,1
2016,4,14,17,8,1
2016,4,15,16,8,1
2016,4,16,17.6,8,1
2016,4,17,16.5,8,1
2016,4,18,14.7,8,1
2016,4,19,14.9,8,1
2016,4,20,16.5,8,1
2016,4,21,17.1,8,1
2016,4,22,18.2,8,1
2016,4,23,17.1,8,1
2016,4,24,16.6,8,1
2016,4,25,16.7,8,1
2016,4,26,20.1,8,1
2016,4,27,17.7,8,1
2016,4,28,14.8,8,1
2016,4,29,13.8,8,1
2016,4,30,17.5,8,1
2016,5,1,20,8,1
2016,5,2,21.3,8,1
2016,5,3,18.3,8,1
2016,5,4,19.9,8,1
2016,5,5,20.9,8,1
2016,5,6,18.3,8,1
2016,5,7,19,8,1
2016,5,8,19.5,8,1
2016,5,9,17.2,8,1
2016,5,10,18.6,8,1
2016,5,11,14.8,8,1
2016,5,12,18,8,1
2016,5,13,19.4,8,1
2016,5,14,20.6,8,1
2016,5,15,23.2,8,1
2016,5,16,16.5,8,1
2016,5,17,17,8,1
2016,5,18,19.4,8,1
2016,5,19,21.1,8,1
2016,5,20,22.7,8,1
2016,5,21,21.8,8,1
2016,5,22,22.5,8,1
2016,5,23,23,8,1
2016,5,24,23.8,8,1
2016,5,25,22.1,8,1
2016,5,26,23.3,8,1
2016,5,27,22.8,8,1
2016,5,28,19.9,8,1
2016,5,29,20,8,1
2016,5,30,21.5,8,1
2016,5,31,23.1,8,1
2016,6,1,21.6,8,1
2016,6,2,19.8,8,1
2016,6,3,21.7,8,1
2016,6,4,19.1,8,1
2016,6,5,19.3,8,1
2016,6,6,21.9,8,1
2016,6,7,23.1,8,1
2016,6,8,23.1,8,1
2016,6,9,22.7,8,1
2016,6,10,24.5,8,1
2016,6,11,25.9,8,1
2016,6,12,22.7,8,1
2016,6,13,22.9,8,1
2016,6,14,23.7,8,1
2016,6,15,25.5,8,1
2016,6,16,23.6,8,1
2016,6,17,23.3,8,1
2016,6,18,24.6,8,1
2016,6,19,25.5,8,1
2016,6,20,24.7,8,1
2016,6,21,24.5,8,1
2016,6,22,23.6,8,1
2016,6,23,24.3,8,1
2016,6,24,26.2,8,1
2016,6,25,22.5,8,1
2016,6,26,23.3,8,1
2016,6,27,20.7,8,1
2016,6,28,21,8,1
2016,6,29,22.7,8,1
2016,6,30,24.5,8,1
2016,7,1,27.7,8,1
2016,7,2,28.4,8,1
2016,7,3,28.3,8,1
2016,7,4,28.6,8,1
2016,7,5,29.7,8,1
2016,7,6,29.2,8,1
2016,7,7,28.3,8,1
2016,7,8,24.4,8,1
2016,7,9,25.5,8,1
2016,7,10,27.3,8,1
2016,7,11,27.5,8,1
2016,7,12,26.9,8,1
2016,7,13,26.4,8,1
2016,7,14,27,8,1
2016,7,15,24.9,8,1
2016,7,16,27,8,1
2016,7,17,26.3,8,1
2016,7,18,26.5,8,1
2016,7,19,27,8,1
2016,7,20,27,8,1
2016,7,21,26.3,8,1
2016,7,22,25.4,8,1
2016,7,23,27.9,8,1
2016,7,24,28.8,8,1
2016,7,25,28.5,8,1
2016,7,26,28.7,8,1
2016,7,27,29.3,8,1
2016,7,28,29.6,8,1
2016,7,29,30.1,8,1
2016,7,30,29.9,8,1
2016,7,31,30.1,8,1
2016,8,1,29.7,8,1
2016,8,2,29.3,8,1
2016,8,3,29.3,8,1
2016,8,4,29.8,8,1
2016,8,5,29.9,8,1
2016,8,6,30,8,1
2016,8,7,29.7,8,1
2016,8,8,30.2,8,1
2016,8,9,29.5,8,1
2016,8,10,29.9,8,1
2016,8,11,30.2,8,1
2016,8,12,30.2,8,1
2016,8,13,30.6,8,1
2016,8,14,30.7,8,1
2016,8,15,30.1,8,1
2016,8,16,28.9,8,1
2016,8,17,29.1,8,1
2016,8,18,30.4,8,1
2016,8,19,30.1,8,1
2016,8,20,29.2,8,1
2016,8,21,29.4,8,1
2016,8,22,29.3,8,1
2016,8,23,29.1,8,1
2016,8,24,29.2,8,1
2016,8,25,30,8,1
2016,8,26,27.3,8,1
2016,8,27,26.6,8,1
2016,8,28,24.6,8,1
2016,8,29,22.1,8,1
2016,8,30,22.8,8,1
2016,8,31,25.5,8,1
2016,9,1,25.5,8,1
2016,9,2,25.1,8,1
2016,9,3,27.1,8,1
2016,9,4,26.6,8,1
2016,9,5,25.9,8,1
2016,9,6,26.4,8,1
2016,9,7,26.7,8,1
2016,9,8,23.6,8,1
2016,9,9,24.7,8,1
2016,9,10,25.3,8,1
2016,9,11,26.2,8,1
2016,9,12,22.3,8,1
2016,9,13,24,8,1
2016,9,14,24.3,8,1
2016,9,15,25,8,1
2016,9,16,26.2,8,1
2016,9,17,27.1,8,1
2016,9,18,24,8,1
2016,9,19,22.8,8,1
2016,9,20,21.3,8,1
2016,9,21,22.4,8,1
2016,9,22,21.6,8,1
2016,9,23,23.2,8,1
2016,9,24,24.3,8,1
2016,9,25,24.4,8,1
2016,9,26,26.5,8,1
2016,9,27,26.9,8,1
2016,9,28,24.9,8,1
2016,9,29,22,8,1
2016,9,30,23,8,1
2016,10,1,23.8,8,1
2016,10,2,26,8,1
2016,10,3,26.7,8,1
2016,10,4,26,8,1
2016,10,5,25.3,8,1
2016,10,6,23.1,8,1
2016,10,7,22.9,8,1
2016,10,8,23.7,8,1
2016,10,9,20,8,1
2016,10,10,19.1,8,1
2016,10,11,17.9,8,1
2016,10,12,19.1,8,1
2016,10,13,18.9,8,1
2016,10,14,19.2,8,1
2016,10,15,18.8,8,1
2016,10,16,20.1,8,1
2016,10,17,21.9,8,1
2016,10,18,22,8,1
2016,10,19,20.7,8,1
2016,10,20,20.1,8,1
2016,10,21,19.4,8,1
2016,10,22,18.4,8,1
2016,10,23,19.2,8,1
2016,10,24,17.8,8,1
2016,10,25,19.8,8,1
2016,10,26,20.7,8,1
2016,10,27,20.1,8,1
2016,10,28,19.5,8,1
2016,10,29,18.3,8,1
2016,10,30,16.3,8,1
2016,10,31,14.6,8,1
2016,11,1,13.1,8,1
2016,11,2,12.2,8,1
2016,11,3,12.4,8,1
2016,11,4,13.3,8,1
2016,11,5,15.6,8,1
2016,11,6,16.6,8,1
2016,11,7,13.5,8,1
2016,11,8,13.6,8,1
2016,11,9,13.4,8,1
2016,11,10,11.3,8,1
2016,11,11,14.1,8,1
2016,11,12,13.9,8,1
2016,11,13,15.6,8,1
2016,11,14,17,8,1
2016,11,15,17.4,8,1
2016,11,16,13.4,8,1
2016,11,17,13.4,8,1
2016,11,18,15.2,8,1
2016,11,19,19.6,8,1
2016,11,20,18,8,1
2016,11,21,15.6,8,1
2016,11,22,15.8,8,1
2016,11,23,13.1,8,1
2016,11,24,9.2,8,1
2016,11,25,8.7,8,1
2016,11,26,9.8,8,1
2016,11,27,11.6,8,1
2016,11,28,10.6,8,1
2016,11,29,10.1,8,1
2016,11,30,11.8,8,1
2016,12,1,13.4,8,1
2016,12,2,10.8,8,1
2016,12,3,9.7,8,1
2016,12,4,10.7,8,1
2016,12,5,13.1,8,1
2016,12,6,10.6,8,1
2016,12,7,8.1,8,1
2016,12,8,10.1,8,1
2016,12,9,11.9,8,1
2016,12,10,9,8,1
2016,12,11,8,8,1
2016,12,12,9.3,8,1
2016,12,13,11.5,8,1
2016,12,14,9.8,8,1
2016,12,15,6.9,8,1
2016,12,16,5.4,8,1
2016,12,17,6.7,8,1
2016,12,18,8.7,8,1
2016,12,19,11,8,1
2016,12,20,13.1,8,1
2016,12,21,14.4,8,1
2016,12,22,15.1,8,1
2016,12,23,8.9,8,1
2016,12,24,8.9,8,1
2016,12,25,10,8,1
2016,12,26,12.3,8,1
2016,12,27,10,8,1
2016,12,28,6.5,8,1
2016,12,29,5.7,8,1
2016,12,30,5.1,8,1
2016,12,31,6.9,8,1
2017,1,1,7.4,8,1
2017,1,2,8,8,1
2017,1,3,9.2,8,1
2017,1,4,8.7,8,1
2017,1,5,8.7,8,1
2017,1,6,8.2,8,1
2017,1,7,6.7,8,1
2017,1,8,10.4,8,1
2017,1,9,9.9,8,1
2017,1,10,7.7,8,1
2017,1,11,5.8,8,1
2017,1,12,7.2,8,1
2017,1,13,7.2,8,1
2017,1,14,3.9,8,1
2017,1,15,2.7,8,1
2017,1,16,2.8,8,1
2017,1,17,4.7,8,1
2017,1,18,6.8,8,1
2017,1,19,8.4,8,1
2017,1,20,6.3,8,1
2017,1,21,5.9,8,1
2017,1,22,4.4,8,1
2017,1,23,2.6,8,1
2017,1,24,3.4,8,1
2017,1,25,3,8,1
2017,1,26,5.3,8,1
2017,1,27,8.2,8,1
2017,1,28,6.8,8,1
2017,1,29,10,8,1
2017,1,30,9.9,8,1
2017,1,31,6.9,8,1
2017,2,1,7.2,8,1
2017,2,2,5.5,8,1
2017,2,3,7.1,8,1
2017,2,4,10.1,8,1
2017,2,5,10.5,8,1
2017,2,6,7.8,8,1
2017,2,7,7.4,8,1
2017,2,8,6.8,8,1
2017,2,9,4.8,8,1
2017,2,10,2.5,8,1
2017,2,11,2.5,8,1
2017,2,12,3.4,8,1
2017,2,13,4.8,8,1
2017,2,14,7.5,8,1
2017,2,15,7.3,8,1
2017,2,16,11.2,8,1
2017,2,17,13.9,8,1
2017,2,18,8.9,8,1
2017,2,19,7.9,8,1
2017,2,20,11.8,8,1
2017,2,21,6.9,8,1
2017,2,22,7.9,8,1
2017,2,23,9.7,8,1
2017,2,24,6,8,1
2017,2,25,5.9,8,1
2017,2,26,7.8,8,1
2017,2,27,7.3,8,1
2017,2,28,7.5,8,1
2017,3,1,7.8,8,1
2017,3,2,8.8,8,1
2017,3,3,8.3,8,1
2017,3,4,9.6,8,1
2017,3,5,9.9,8,1
2017,3,6,10,8,1
2017,3,7,6.7,8,1
2017,3,8,5.1,8,1
2017,3,9,8.4,8,1
2017,3,10,10,8,1
2017,3,11,8.5,8,1
2017,3,12,10.1,8,1
2017,3,13,10.8,8,1
2017,3,14,10.3,8,1
2017,3,15,8.7,8,1
2017,3,16,8.5,8,1
2017,3,17,8.4,8,1
2017,3,18,8.9,8,1
2017,3,19,11.4,8,1
2017,3,20,10.6,8,1
2017,3,21,10.5,8,1
2017,3,22,9.7,8,1
2017,3,23,10.5,8,1
2017,3,24,9.8,8,1
2017,3,25,9.7,8,1
2017,3,26,9.4,8,1
2017,3,27,9,8,1
2017,3,28,10.7,8,1
2017,3,29,11.2,8,1
2017,3,30,14.2,8,1
2017,3,31,9.6,8,1
2017,4,1,10.2,8,1
2017,4,2,8.6,8,1
2017,4,3,11.5,8,1
2017,4,4,13.9,8,1
2017,4,5,16.4,8,1
2017,4,6,16.6,8,1
2017,4,7,16.8,8,1
2017,4,8,18.1,8,1
2017,4,9,15.5,8,1
2017,4,10,12.1,8,1
2017,4,11,12.5,8,1
2017,4,12,13.3,8,1
2017,4,13,14.9,8,1
2017,4,14,18.3,8,1
2017,4,15,19.9,8,1
2017,4,16,20.5,8,1
2017,4,17,19.1,8,1
2017,4,18,17.7,8,1
2017,4,19,15.8,8,1
2017,4,20,15.1,8,1
2017,4,21,15.9,8,1
2017,4,22,15.5,8,1
2017,4,23,14.7,8,1
2017,4,24,17.4,8,1
2017,4,25,19.6,8,1
2017,4,26,15.7,8,1
2017,4,27,15.3,8,1
2017,4,28,16.4,8,1
2017,4,29,19.1,8,1
2017,4,30,21.2,8,1
2017,5,1,18.2,8,1
2017,5,2,18.4,8,1
2017,5,3,20.3,8,1
2017,5,4,20.8,8,1
2017,5,5,22.3,8,1
2017,5,6,19.5,8,1
2017,5,7,20.2,8,1
2017,5,8,21.2,8,1
2017,5,9,16.6,8,1
2017,5,10,17.8,8,1
2017,5,11,21.7,8,1
2017,5,12,19.5,8,1
2017,5,13,18.5,8,1
2017,5,14,20.3,8,1
2017,5,15,18.7,8,1
2017,5,16,17.9,8,1
2017,5,17,18.5,8,1
2017,5,18,19.5,8,1
2017,5,19,21.9,8,1
2017,5,20,22.1,8,1
2017,5,21,22.1,8,1
2017,5,22,22.2,8,1
2017,5,23,22.9,8,1
2017,5,24,20.8,8,1
2017,5,25,21.6,8,1
2017,5,26,18.6,8,1
2017,5,27,18.9,8,1
2017,5,28,20.9,8,1
2017,5,29,23.9,8,1
2017,5,30,24.6,8,1
2017,5,31,23.6,5,1
2017,6,1,24.1,8,1
2017,6,2,21.1,8,1
2017,6,3,20.8,8,1
2017,6,4,21.5,8,1
2017,6,5,21.3,8,1
2017,6,6,21.1,8,1
2017,6,7,20,8,1
2017,6,8,20.5,8,1
2017,6,9,21.9,8,1
2017,6,10,23.1,8,1
2017,6,11,21.4,8,1
2017,6,12,20.1,8,1
2017,6,13,19.9,8,1
2017,6,14,21.4,8,1
2017,6,15,23,8,1
2017,6,16,22.4,8,1
2017,6,17,22.7,8,1
2017,6,18,23,8,1
2017,6,19,25.3,8,1
2017,6,20,23.1,8,1
2017,6,21,21.5,8,1
2017,6,22,23.5,8,1
2017,6,23,24.8,8,1
2017,6,24,23,8,1
2017,6,25,22.7,8,1
2017,6,26,24,8,1
2017,6,27,23.8,8,1
2017,6,28,24.6,8,1
2017,6,29,24.2,8,1
2017,6,30,26.9,8,1
2017,7,1,28.4,8,1
2017,7,2,28.6,8,1
2017,7,3,28.9,8,1
2017,7,4,27.1,8,1
2017,7,5,26,8,1
2017,7,6,24,8,1
2017,7,7,24.8,8,1
2017,7,8,28.6,8,1
2017,7,9,27.8,8,1
2017,7,10,28.5,8,1
2017,7,11,28.4,8,1
2017,7,12,27.7,8,1
2017,7,13,28.3,8,1
2017,7,14,29,8,1
2017,7,15,29.2,8,1
2017,7,16,29.4,8,1
2017,7,17,29.6,8,1
2017,7,18,28,8,1
2017,7,19,28.1,8,1
2017,7,20,29.6,8,1
2017,7,21,30.3,8,1
2017,7,22,30.3,8,1
2017,7,23,29.9,8,1
2017,7,24,29.4,8,1
2017,7,25,30.1,8,1
2017,7,26,29.3,8,1
2017,7,27,29.3,8,1
2017,7,28,29,8,1
2017,7,29,29.1,8,1
2017,7,30,29.4,8,1
2017,7,31,29.5,8,1
2017,8,1,29.2,8,1
2017,8,2,29,8,1
2017,8,3,29.3,8,1
2017,8,4,30.7,8,1
2017,8,5,30.2,8,1
2017,8,6,30.4,8,1
2017,8,7,28.9,8,1
2017,8,8,29.5,8,1
2017,8,9,28.1,8,1
2017,8,10,29.9,8,1
2017,8,11,28.1,8,1
2017,8,12,27.6,8,1
2017,8,13,27.5,8,1
2017,8,14,26.7,8,1
2017,8,15,27,8,1
2017,8,16,27.7,8,1
2017,8,17,27.5,8,1
2017,8,18,27.3,8,1
2017,8,19,27.3,8,1
2017,8,20,29.1,8,1
2017,8,21,28.8,8,1
2017,8,22,29.9,8,1
2017,8,23,30.1,8,1
2017,8,24,30.5,8,1
2017,8,25,29.8,8,1
2017,8,26,26.4,8,1
2017,8,27,26.9,8,1
2017,8,28,27.6,8,1
2017,8,29,27.6,8,1
2017,8,30,27.3,8,1
2017,8,31,26.7,8,1
2017,9,1,24.5,8,1
2017,9,2,24.6,8,1
2017,9,3,24.8,8,1
2017,9,4,24.2,8,1
2017,9,5,24.1,8,1
2017,9,6,26.5,8,1
2017,9,7,24.3,8,1
2017,9,8,24,8,1
2017,9,9,24.1,8,1
2017,9,10,26.1,8,1
2017,9,11,25.8,8,1
2017,9,12,24.6,8,1
2017,9,13,23.6,8,1
2017,9,14,23,8,1
2017,9,15,22.6,8,1
2017,9,16,21.6,8,1
2017,9,17,22.3,8,1
2017,9,18,23.6,8,1
2017,9,19,23.9,8,1
2017,9,20,24.2,8,1
2017,9,21,23.2,8,1
2017,9,22,22.2,8,1
2017,9,23,22.1,8,1
2017,9,24,21.3,8,1
2017,9,25,22.2,8,1
2017,9,26,24.1,8,1
2017,9,27,23.7,8,1
2017,9,28,21.9,8,1
2017,9,29,19.8,8,1
2017,9,30,20.3,8,1
2017,10,1,20,8,1
2017,10,2,21.3,8,1
2017,10,3,23,8,1
2017,10,4,21,8,1
2017,10,5,20.1,8,1
2017,10,6,19.7,8,1
2017,10,7,22.1,8,1
2017,10,8,22.4,8,1
2017,10,9,23.2,8,1
2017,10,10,23.5,8,1
2017,10,11,23.4,8,1
2017,10,12,21.3,8,1
2017,10,13,19.2,8,1
2017,10,14,20,8,1
2017,10,15,17,8,1
2017,10,16,16.5,8,1
2017,10,17,17.9,8,1
2017,10,18,17,8,1
2017,10,19,16.6,8,1
2017,10,20,19.2,8,1
2017,10,21,18.2,8,1
2017,10,22,18.8,8,1
2017,10,23,17,8,1
2017,10,24,16.7,8,1
2017,10,25,15.5,8,1
2017,10,26,15.4,8,1
2017,10,27,18.4,8,1
2017,10,28,19.1,8,1
2017,10,29,18.4,8,1
2017,10,30,15.4,8,1
2017,10,31,13.7,8,1
2017,11,1,14.8,8,1
2017,11,2,16.4,8,1
2017,11,3,17,8,1
2017,11,4,14.8,8,1
2017,11,5,12.8,8,1
2017,11,6,14.2,8,1
2017,11,7,16.6,8,1
2017,11,8,18,8,1
2017,11,9,15.7,8,1
2017,11,10,16.8,8,1
2017,11,11,14.1,8,1
2017,11,12,12.4,8,1
2017,11,13,13.9,8,1
2017,11,14,15.1,8,1
2017,11,15,12.8,8,1
2017,11,16,10.5,8,1
2017,11,17,9.6,8,1
2017,11,18,11.1,8,1
2017,11,19,7.8,8,1
2017,11,20,7.7,8,1
2017,11,21,8.3,8,1
2017,11,22,8.4,8,1
2017,11,23,9.7,8,1
2017,11,24,9.3,8,1
2017,11,25,9.5,8,1
2017,11,26,12.3,8,1
2017,11,27,11.9,8,1
2017,11,28,14.2,8,1
2017,11,29,14.4,8,1
2017,11,30,12.3,8,1
2017,12,1,7.3,8,1
2017,12,2,6.8,8,1
2017,12,3,8.6,8,1
2017,12,4,9.4,8,1
2017,12,5,5.3,8,1
2017,12,6,5.6,8,1
2017,12,7,8,8,1
2017,12,8,5.7,8,1
2017,12,9,6.7,8,1
2017,12,10,9.3,8,1
2017,12,11,7,8,1
2017,12,12,3.2,8,1
2017,12,13,4.3,8,1
2017,12,14,5.9,8,1
2017,12,15,7.5,8,1
2017,12,16,7.5,8,1
2017,12,17,3.4,8,1
2017,12,18,4.7,8,1
2017,12,19,7.2,8,1
2017,12,20,5.8,8,1
2017,12,21,5.4,8,1
2017,12,22,7.7,8,1
2017,12,23,8.9,8,1
2017,12,24,9.5,8,1
2017,12,25,7.1,8,1
2017,12,26,6.8,8,1
2017,12,27,4.1,8,1
2017,12,28,4.4,8,1
2017,12,29,7.4,8,1
2017,12,30,7.9,8,1
2017,12,31,8.2,8,1
2018,1,1,5.7,8,1
2018,1,2,4.8,8,1
2018,1,3,6.6,8,1
2018,1,4,5.2,8,1
2018,1,5,5.5,8,1
2018,1,6,6.2,8,1
2018,1,7,5.9,8,1
2018,1,8,10.2,8,1
2018,1,9,5.9,8,1
2018,1,10,2.8,8,1
2018,1,11,1.2,8,1
2018,1,12,0.8,8,1
2018,1,13,3,8,1
2018,1,14,3.8,8,1
2018,1,15,5,8,1
2018,1,16,10,8,1
2018,1,17,11.3,8,1
2018,1,18,8.8,8,1
2018,1,19,8.9,8,1
2018,1,20,7.4,8,1
2018,1,21,6.7,8,1
2018,1,22,5.9,8,1
2018,1,23,5.1,8,1
2018,1,24,0.1,8,1
2018,1,25,0.8,8,1
2018,1,26,1,8,1
2018,1,27,1.9,8,1
2018,1,28,3.3,8,1
2018,1,29,2.9,8,1
2018,1,30,2.1,8,1
2018,1,31,3.4,8,1
2018,2,1,5,8,1
2018,2,2,4.5,8,1
2018,2,3,4.2,8,1
2018,2,4,0.7,8,1
2018,2,5,0.5,8,1
2018,2,6,0,8,1
2018,2,7,0.5,8,1
2018,2,8,2.3,8,1
2018,2,9,6.1,8,1
2018,2,10,6.3,8,1
2018,2,11,2.9,8,1
2018,2,12,2.1,8,1
2018,2,13,3.1,8,1
2018,2,14,8.3,8,1
2018,2,15,8.7,8,1
2018,2,16,5.7,8,1
2018,2,17,5.9,8,1
2018,2,18,5.8,8,1
2018,2,19,7.7,8,1
2018,2,20,7.7,8,1
2018,2,21,7.8,8,1
2018,2,22,5.8,8,1
2018,2,23,5.9,8,1
2018,2,24,7.9,8,1
2018,2,25,8.1,8,1
2018,2,26,7.6,8,1
2018,2,27,8,8,1
2018,2,28,9.8,8,1
2018,3,1,10,8,1
2018,3,2,7.7,8,1
2018,3,3,7.6,8,1
2018,3,4,13.7,8,1
2018,3,5,11.9,8,1
2018,3,6,8.8,8,1
2018,3,7,9.1,8,1
2018,3,8,9.5,8,1
2018,3,9,6.5,8,1
2018,3,10,7.2,8,1
2018,3,11,9.3,8,1
2018,3,12,10.6,8,1
2018,3,13,13.1,8,1
2018,3,14,15.2,8,1
2018,3,15,15.7,8,1
2018,3,16,9.1,8,1
2018,3,17,8.4,8,1
2018,3,18,10.9,8,1
2018,3,19,12.4,8,1
2018,3,20,8.7,8,1
2018,3,21,7,8,1
2018,3,22,7.9,8,1
2018,3,23,8.6,8,1
2018,3,24,11.3,8,1
2018,3,25,13.5,8,1
2018,3,26,13.8,8,1
2018,3,27,14.8,8,1
2018,3,28,15.6,8,1
2018,3,29,15.4,8,1
2018,3,30,15.4,8,1
2018,3,31,15.1,8,1
2018,4,1,17.7,8,1
2018,4,2,18.6,8,1
2018,4,3,19.7,8,1
2018,4,4,17.6,8,1
2018,4,5,16.4,8,1
2018,4,6,14.5,8,1
2018,4,7,8.3,8,1
2018,4,8,10.5,8,1
2018,4,9,14.3,8,1
2018,4,10,17.5,8,1
2018,4,11,19.3,8,1
2018,4,12,17.8,8,1
2018,4,13,17.6,8,1
2018,4,14,17.5,8,1
2018,4,15,13.2,8,1
2018,4,16,14.1,8,1
2018,4,17,13.4,8,1
2018,4,18,14.2,8,1
2018,4,19,16,8,1
2018,4,20,17.8,8,1
2018,4,21,19.4,8,1
2018,4,22,19.4,8,1
2018,4,23,19.4,8,1
2018,4,24,16.9,8,1
2018,4,25,13.3,8,1
2018,4,26,13.4,5,1
2018,4,27,16,8,1
2018,4,28,16.9,8,1
2018,4,29,18.9,8,1
2018,4,30,20.7,8,1
2018,5,1,20.7,8,1
2018,5,2,19.5,8,1
2018,5,3,16.3,8,1
2018,5,4,16.4,8,1
2018,5,5,19.2,8,1
2018,5,6,18,8,1
2018,5,7,17.4,8,1
2018,5,8,15.7,8,1
2018,5,9,14.7,8,1
2018,5,10,14.3,8,1
2018,5,11,17.7,8,1
2018,5,12,20.9,8,1
2018,5,13,20,8,1
2018,5,14,20.1,8,1
2018,5,15,22.9,8,1
2018,5,16,25.2,8,1
2018,5,17,26.4,8,1
2018,5,18,23.1,8,1
2018,5,19,16.7,8,1
2018,5,20,17.8,8,1
2018,5,21,20.9,8,1
2018,5,22,22.3,8,1
2018,5,23,19.2,8,1
2018,5,24,19.3,8,1
2018,5,25,22.5,8,1
2018,5,26,21.5,8,1
2018,5,27,22.2,8,1
2018,5,28,21.7,8,1
2018,5,29,21.7,8,1
2018,5,30,23.5,8,1
2018,5,31,21.1,8,1
2018,6,1,20.3,8,1
2018,6,2,23.1,8,1
2018,6,3,22.8,8,1
2018,6,4,23.7,8,1
2018,6,5,19.9,8,1
2018,6,6,20.3,8,1
2018,6,7,23,8,1
2018,6,8,24.2,8,1
2018,6,9,23.7,8,1
2018,6,10,22.9,8,1
2018,6,11,20.3,8,1
2018,6,12,19.5,8,1
2018,6,13,20.2,8,1
2018,6,14,21.2,8,1
2018,6,15,21.6,8,1
2018,6,16,21.5,8,1
2018,6,17,24.1,8,1
2018,6,18,24.1,8,1
2018,6,19,23.3,8,1
2018,6,20,22.3,8,1
2018,6,21,23.7,8,1
2018,6,22,25,8,1
2018,6,23,22.6,8,1
2018,6,24,24.5,8,1
2018,6,25,25.9,8,1
2018,6,26,26.4,8,1
2018,6,27,27.7,8,1
2018,6,28,27.7,8,1
2018,6,29,24.4,8,1
2018,6,30,23.8,8,1
2018,7,1,27.8,8,1
2018,7,2,27.4,8,1
2018,7,3,25.1,8,1
2018,7,4,27.2,8,1
2018,7,5,24.8,8,1
2018,7,6,23.1,8,1
2018,7,7,21.8,8,1
2018,7,8,23.1,8,1
2018,7,9,27.1,8,1
2018,7,10,28.5,8,1
2018,7,11,28.7,8,1
2018,7,12,28.4,8,1
2018,7,13,28.4,8,1
2018,7,14,28.7,8,1
2018,7,15,29,8,1
2018,7,16,29.3,8,1
2018,7,17,29.2,8,1
2018,7,18,29.3,8,1
2018,7,19,30.6,8,1
2018,7,20,31.1,8,1
2018,7,21,30.3,8,1
2018,7,22,29.3,8,1
2018,7,23,29.1,8,1
2018,7,24,29.8,8,1
2018,7,25,29.9,8,1
2018,7,26,30.5,8,1
2018,7,27,29.8,8,1
2018,7,28,28.6,8,1
2018,7,29,26.5,8,1
2018,7,30,28.1,8,1
2018,7,31,29.5,8,1
2018,8,1,29.6,8,1
2018,8,2,30.4,8,1
2018,8,3,30.2,8,1
2018,8,4,29.7,8,1
2018,8,5,29.8,8,1
2018,8,6,30,8,1
2018,8,7,29.4,8,1
2018,8,8,27.5,8,1
2018,8,9,27.9,8,1
2018,8,10,29.1,8,1
2018,8,11,30.4,8,1
2018,8,12,31.1,8,1
2018,8,13,31.1,8,1
2018,8,14,31,8,1
2018,8,15,28.7,8,1
2018,8,16,28.1,8,1
2018,8,17,27.1,8,1
2018,8,18,26.6,8,1
2018,8,19,27.7,8,1
2018,8,20,27.9,8,1
2018,8,21,29.8,8,1
2018,8,22,30.3,8,1
2018,8,23,29.9,8,1
2018,8,24,30.1,8,1
2018,8,25,30.2,8,1
2018,8,26,30.4,8,1
2018,8,27,29.4,8,1
2018,8,28,29,8,1
2018,8,29,29.6,8,1
2018,8,30,28.2,8,1
2018,8,31,28.4,8,1
2018,9,1,24.8,8,1
2018,9,2,26.7,8,1
2018,9,3,28.3,8,1
2018,9,4,27.1,8,1
2018,9,5,26.5,8,1
2018,9,6,25.8,8,1
2018,9,7,24.7,8,1
2018,9,8,21.5,8,1
2018,9,9,22.3,8,1
2018,9,10,23.1,8,1
2018,9,11,23.9,8,1
2018,9,12,25.1,8,1
2018,9,13,24.7,8,1
2018,9,14,25.5,8,1
2018,9,15,26.2,8,1
2018,9,16,26.1,8,1
2018,9,17,25.5,8,1
2018,9,18,25.2,8,1
2018,9,19,24.8,8,1
2018,9,20,23.3,8,1
2018,9,21,25.2,8,1
2018,9,22,24.1,8,1
2018,9,23,23.5,8,1
2018,9,24,22.2,8,1
2018,9,25,22,8,1
2018,9,26,22,8,1
2018,9,27,22.1,8,1
2018,9,28,21.8,8,1
2018,9,29,18.9,8,1
2018,9,30,20.1,8,1
2018,10,1,20.4,8,1
2018,10,2,19.2,8,1
2018,10,3,19.6,8,1
2018,10,4,20.1,8,1
2018,10,5,23.6,8,1
2018,10,6,25.4,8,1
2018,10,7,22.2,8,1
2018,10,8,20.8,8,1
2018,10,9,20.7,8,1
2018,10,10,20.9,8,1
2018,10,11,16.7,8,1
2018,10,12,16.1,8,1
2018,10,13,16.9,8,1
2018,10,14,17.8,8,1
2018,10,15,18.5,8,1
2018,10,16,18.1,8,1
2018,10,17,17.7,8,1
2018,10,18,16.6,8,1
2018,10,19,16.9,8,1
2018,10,20,17.7,8,1
2018,10,21,15.5,8,1
2018,10,22,16.9,8,1
2018,10,23,17.5,8,1
2018,10,24,16.7,8,1
2018,10,25,16.1,8,1
2018,10,26,16.2,8,1
2018,10,27,16.6,8,1
2018,10,28,15.4,8,1
2018,10,29,17.8,8,1
2018,10,30,15,8,1
2018,10,31,13.3,8,1
2018,11,1,13.4,8,1
2018,11,2,13,8,1
2018,11,3,14.1,8,1
2018,11,4,14.8,8,1
2018,11,5,14.9,8,1
2018,11,6,15.8,8,1
2018,11,7,16.4,8,1
2018,11,8,19.2,8,1
2018,11,9,17.1,8,1
2018,11,10,14.5,8,1
2018,11,11,14.5,8,1
2018,11,12,13.3,8,1
2018,11,13,14.8,8,1
2018,11,14,13.1,8,1
2018,11,15,13,8,1
2018,11,16,11.6,8,1
2018,11,17,12.7,8,1
2018,11,18,12.6,8,1
2018,11,19,13,8,1
2018,11,20,10.7,8,1
2018,11,21,11,8,1
2018,11,22,11,8,1
2018,11,23,7.5,8,1
2018,11,24,9.5,8,1
2018,11,25,13.8,8,1
2018,11,26,12.6,8,1
2018,11,27,14.7,8,1
2018,11,28,14.1,8,1
2018,11,29,12.2,8,1
2018,11,30,12.1,8,1
2018,12,1,13.2,8,1
2018,12,2,13.6,8,1
2018,12,3,17,8,1
2018,12,4,19.2,8,1
2018,12,5,15.2,8,1
2018,12,6,12.6,8,1
2018,12,7,8.7,8,1
2018,12,8,4.9,8,1
2018,12,9,4.9,8,1
2018,12,10,5.8,8,1
2018,12,11,7.9,8,1
2018,12,12,9.1,8,1
2018,12,13,6.8,8,1
2018,12,14,7.5,8,1
2018,12,15,6.8,8,1
2018,12,16,7.2,8,1
2018,12,17,9.6,8,1
2018,12,18,9.3,8,1
2018,12,19,10.5,8,1
2018,12,20,12.5,8,1
2018,12,21,12.1,8,1
2018,12,22,13.9,8,1
2018,12,23,11.2,8,1
2018,12,24,6.9,8,1
2018,12,25,7.6,8,1
2018,12,26,8,8,1
2018,12,27,7.7,8,1
2018,12,28,2.6,8,1
2018,12,29,4,8,1
2018,12,30,5,8,1
2018,12,31,5.8,8,1